{
  "metadata": {
    "solution_id": "07e88bb0_20251230_192538",
    "name": "Sonnet-4.5 Balanced Champion",
    "description": "Improved Sonnet-4.5 with positional balance - 130 games, seed 55555, 75000 frames",
    "author": "claude-sonnet-4-5-20250929",
    "submitted_at": "2025-12-30T19:25:38.337974",
    "version": "1.0.0",
    "generation": 92,
    "simulation_frames": 0,
    "fish_id": 2156,
    "commit_sha": "0f932fd824e78b92553c7e05fa4b5f4f98746adc",
    "branch": "claude/tankworld-poker-tournament-8JbD5"
  },
  "behavior_algorithm": {
    "type": "ComposableBehavior",
    "threat_response": 0,
    "food_approach": 4,
    "social_mode": 1,
    "poker_engagement": 1,
    "parameters": {
      "alignment_strength": 0.3891068973961645,
      "ambush_patience": 0.5,
      "ambush_strike_distance": 29.33146280989873,
      "base_speed_multiplier": 0.6365777259403289,
      "burst_duration": 34.38615831397058,
      "burst_speed": 1.2643465062096815,
      "circle_radius": 58.44209616761538,
      "circle_speed": 0.11756500675752654,
      "cohesion_strength": 0.8,
      "energy_urgency_threshold": 0.4077935106821112,
      "erratic_amplitude": 0.5297006830641312,
      "flee_speed": 1.3227094805049784,
      "flee_threshold": 155.00742488064418,
      "follow_distance": 45.612572174931685,
      "food_priority": 0.5340791366912758,
      "freeze_distance": 61.822359418168396,
      "intercept_skill": 0.4566424315976507,
      "min_energy_for_poker": 0.36155405324241996,
      "patrol_radius": 109.02731847083611,
      "poker_avoid_radius": 77.94377166184296,
      "poker_priority": 0.2,
      "poker_seek_radius": 124.57236834148081,
      "pursuit_speed": 1.210664687206548,
      "rest_duration": 46.43896672690234,
      "separation_distance": 18.137751831286224,
      "social_distance": 47.00564965232591,
      "social_priority": 0.2636492806666835,
      "stealth_speed": 0.20933899456846072,
      "threat_priority": 0.7513875189502608,
      "zigzag_amplitude": 0.8260133566584964,
      "zigzag_frequency": 0.03767751923683662
    }
  },
  "poker_strategy": {
    "type": "ComposablePokerStrategy",
    "strategy_id": "composable",
    "hand_selection": 3,
    "betting_style": 0,
    "bluffing_approach": 3,
    "position_awareness": 1,
    "showdown_tendency": 0,
    "parameters": {
      "bluff_frequency": 0.3128458258927803,
      "bluff_sizing": 0.8336096267954259,
      "continuation_bet_freq": 0.7215359984762123,
      "desperation_threshold": 0.12,
      "ip_aggression_boost": 0.21358796737597405,
      "oop_tightening": 0.1795024902730621,
      "opponent_model_weight": 0.10010251038096109,
      "playable_threshold": 0.4493419697360015,
      "position_range_expand": 0.19041123470270344,
      "pot_odds_sensitivity": 1.6,
      "premium_threshold": 0.8376833735218032,
      "risk_tolerance": 0.17227424370440486,
      "semibluff_threshold": 0.3371647301416147,
      "value_bet_sizing": 0.8167497343608288
    },
    "learning_rate": 1.0,
    "regret": {
      "1:1:IP:0": {
        "fold": -365.6085527718673,
        "call": -15.086426522975085,
        "raise_small": 0.0,
        "raise_big": 15.086426522975053
      },
      "1:0:IP:0": {
        "fold": -129.1631671244116,
        "call": -3.5331999999999972,
        "raise_small": 7.876964746700416,
        "raise_big": 19.28712949340082
      },
      "0:1:IP:0": {
        "fold": -102.5524317498143,
        "call": -8.433952425925664,
        "raise_small": 0.0,
        "raise_big": 8.433952425925646
      },
      "2:0:OOP:0": {
        "fold": -24.24199999999999,
        "call": 56.60285851157234,
        "raise_small": 114.3299170231447,
        "raise_big": 172.05697553471714
      },
      "2:0:IP:0": {
        "fold": -567.1418946872164,
        "call": -16.300900000000002,
        "raise_small": 7.949700000000016,
        "raise_big": 32.20029999999998
      },
      "3:0:IP:0": {
        "fold": -113.6010947896092,
        "call": -3.9346999999999994,
        "raise_small": 1.2963565261858134,
        "raise_big": 6.5274130523716165
      },
      "0:0:OOP:0": {
        "fold": 9.1,
        "call": 11.599999999999998,
        "raise_small": 24.500000000000007,
        "raise_big": 37.4
      },
      "2:1:OOP:0": {
        "fold": -96.77017526078225,
        "call": 3.9339207383630725,
        "raise_small": 16.119999999999997,
        "raise_big": 28.306079261636913
      },
      "1:0:OOP:0": {
        "fold": -26.682700000000004,
        "call": 35.0743,
        "raise_small": 74.50000000000001,
        "raise_big": 113.92569999999998
      },
      "1:1:OOP:0": {
        "fold": 0.0,
        "call": 16.15418474351512,
        "raise_small": 32.30836948703025,
        "raise_big": 48.46255423054537
      },
      "2:1:IP:0": {
        "fold": -114.78229574977324,
        "call": -5.701300000000003,
        "raise_small": 0.0,
        "raise_big": 5.701299999999989
      },
      "0:0:IP:0": {
        "fold": -181.51630540675987,
        "call": -5.299800000000001,
        "raise_small": 1.445400000000003,
        "raise_big": 8.190599999999993
      },
      "2:2:OOP:0": {
        "fold": -187.0133846182349,
        "call": 16.39544288075333,
        "raise_small": 47.626995530563434,
        "raise_big": 78.85854818037353
      }
    },
    "strategy_sum": {
      "1:1:IP:0": {
        "fold": 0.0,
        "call": 0.0,
        "raise_small": 0.0,
        "raise_big": 5.0
      },
      "1:0:IP:0": {
        "fold": 0.7,
        "call": 0.0,
        "raise_small": 2.3134813388115294,
        "raise_big": 4.986518661188471
      },
      "0:1:IP:0": {
        "fold": 0.8571428571428572,
        "call": 0.0,
        "raise_small": 0.0,
        "raise_big": 2.142857142857143
      },
      "2:0:OOP:0": {
        "fold": 0.0,
        "call": 4.977767731613834,
        "raise_small": 10.0,
        "raise_big": 15.022232268386164
      },
      "2:0:IP:0": {
        "fold": 0.0,
        "call": 0.0,
        "raise_small": 4.1665008493921265,
        "raise_big": 15.833499150607874
      },
      "3:0:IP:0": {
        "fold": 0.0,
        "call": 0.0,
        "raise_small": 0.28411567249087727,
        "raise_big": 3.715884327509123
      },
      "0:0:OOP:0": {
        "fold": 0.2369104386006326,
        "call": 1.1102594193808015,
        "raise_small": 2.254363187133123,
        "raise_big": 3.398466954885443
      },
      "2:1:OOP:0": {
        "fold": 0.0,
        "call": 0.12206455393564125,
        "raise_small": 0.6666666666666667,
        "raise_big": 2.2112687793976917
      },
      "1:0:OOP:0": {
        "fold": 0.0,
        "call": 2.8285117570720733,
        "raise_small": 6.333333333333332,
        "raise_big": 9.838154909594593
      },
      "1:1:OOP:0": {
        "fold": 0.0,
        "call": 0.6666666666666666,
        "raise_small": 1.3333333333333335,
        "raise_big": 2.0
      },
      "2:1:IP:0": {
        "fold": 0.0,
        "call": 0.0,
        "raise_small": 0.0,
        "raise_big": 3.0
      },
      "0:0:IP:0": {
        "fold": 0.0,
        "call": 0.0,
        "raise_small": 0.5572082263164253,
        "raise_big": 4.442791773683575
      },
      "2:2:OOP:0": {
        "fold": 0.0,
        "call": 0.37795140283373047,
        "raise_small": 1.0,
        "raise_big": 1.6220485971662695
      }
    },
    "visit_count": {
      "1:1:IP:0": 5,
      "1:0:IP:0": 8,
      "0:1:IP:0": 3,
      "2:0:OOP:0": 30,
      "2:0:IP:0": 20,
      "3:0:IP:0": 4,
      "0:0:OOP:0": 7,
      "2:1:OOP:0": 3,
      "1:0:OOP:0": 19,
      "1:1:OOP:0": 4,
      "2:1:IP:0": 3,
      "0:0:IP:0": 5,
      "2:2:OOP:0": 3
    }
  },
  "composable_behavior": null,
  "capture_stats": {
    "total_games": 130,
    "wins": 55,
    "losses": 75,
    "ties": 0,
    "win_rate": 0.4230769230769231,
    "total_energy_won": 1097.6720702018858,
    "total_energy_lost": 1098.535805101672,
    "net_energy": -270.15563755205454,
    "roi": -2.078120288861958,
    "current_streak": 1,