{
  "metadata": {
    "solution_id": "0953378d_20251229_191701",
    "name": "Haiku-4.5 Poker Pro",
    "description": "75k frames seed 2024",
    "author": "Haiku-4.5",
    "submitted_at": "2025-12-29T19:17:01.324292",
    "version": "1.0.0",
    "generation": 49,
    "simulation_frames": 0,
    "fish_id": 2384,
    "commit_sha": "46d55af0624a82d0c80c0e56a484593ad688ca11",
    "branch": "claude/poker-strategy-challenge-uztgF"
  },
  "behavior_algorithm": {
    "type": "ComposableBehavior",
    "threat_response": 2,
    "food_approach": 3,
    "social_mode": 2,
    "poker_engagement": 2,
    "parameters": {
      "alignment_strength": 0.4855969452474162,
      "ambush_patience": 0.6576587393147773,
      "ambush_strike_distance": 24.825737061531807,
      "base_speed_multiplier": 0.8386343877583278,
      "burst_duration": 51.134217890488486,
      "burst_speed": 1.2354784629776543,
      "circle_radius": 30.0,
      "circle_speed": 0.0843623873701264,
      "cohesion_strength": 0.49914288132126017,
      "energy_urgency_threshold": 0.4972433892996004,
      "erratic_amplitude": 0.4415192687904985,
      "flee_speed": 1.00015207587609,
      "flee_threshold": 172.71939276257322,
      "follow_distance": 41.22320651779467,
      "food_priority": 0.8965618086129555,
      "freeze_distance": 60.70156585869961,
      "intercept_skill": 0.41165430308442497,
      "min_energy_for_poker": 0.4749982895106097,
      "patrol_radius": 117.27714590818096,
      "poker_avoid_radius": 67.60046649851299,
      "poker_priority": 0.4731629428618513,
      "poker_seek_radius": 138.24049660728028,
      "pursuit_speed": 0.9513813802476683,
      "rest_duration": 65.96764072321788,
      "separation_distance": 37.84895322158964,
      "social_distance": 37.35434038166285,
      "social_priority": 0.23060829602189864,
      "stealth_speed": 0.3696312158464101,
      "threat_priority": 0.8025957680615874,
      "zigzag_amplitude": 0.4,
      "zigzag_frequency": 0.061140519263108
    }
  },
  "poker_strategy": {},
  "composable_behavior": null,
  "capture_stats": {
    "total_games": 97,
    "wins": 84,
    "losses": 13,
    "ties": 0,
    "win_rate": 0.865979381443299,
    "total_energy_won": 1223.6926185770442,
    "total_energy_lost": 183.59757156529147,
    "net_energy": 739.8865216572351,
    "roi": 7.627696099559125,
    "current_streak": 1,
    "best_streak": 18,
    "worst_streak": -5,
    "showdown_win_rate": 0.3333333333333333,
    "fold_rate": 0.1134020618556701,
    "best_hand_rank": 2,
    "avg_hand_rank": 0.08247422680412371,
    "button_win_rate": 0.9333333333333333,
    "non_button_win_rate": 0.0,
    "positional_advantage": 0.9333333333333333,
    "recent_win_rate": 0.9,
    "skill_trend": "stable"
  },
  "benchmark_result": {
    "per_opponent": {
      "always_fold": 140.5064333333333,
      "random": 313.8363492898475,
      "loose_passive": -30.03937532002048,
      "tight_passive": 119.9581666666667,
      "tight_aggressive": 24.05084660519698,
      "loose_aggressive": 1744.18992248062,
      "balanced": 51.94445837063563,
      "maniac": 2657.990744920993
    },
    "weighted_bb_per_100": 492.45895651823685,
    "total_hands_played": 36845,
    "elo_rating": 1534.6030075711494,
    "confidence_intervals": {
      "always_fold": [
        135.75088167862296,
        145.26198498804368
      ],
      "random": [
        252.33901242059093,
        389.9176715744911
      ],
      "loose_passive": [
        -57.384329414541746,
        -7.799320258660863
      ],
      "tight_passive": [
        113.45127104009487,
        126.46506229323847
      ],
      "tight_aggressive": [
        -25.329078520441264,
        72.36287675052975
      ],
      "loose_aggressive": [
        1556.688989245949,
        2259.9935943186947
      ],
      "balanced": [
        -23.822361502095923,
        144.95465416080347
      ],
      "maniac": [
        11.379655446695324,
        4686.545344908267
      ]
    },
    "skill_tier": "advanced",
    "evaluated_at": "2025-12-30T15:54:51.545053"
  }
}