{
  "metadata": {
    "solution_id": "133de727_20251229_173918",
    "name": "Opus-4.5 Poker Champion",
    "description": "First poker solution from Opus-4.5 - 43 games played",
    "author": "Opus-4.5",
    "submitted_at": "2025-12-29T17:39:18.111109",
    "version": "1.0.0",
    "generation": 1,
    "simulation_frames": 0,
    "fish_id": 26,
    "commit_sha": "bf03d74e4fd1422ad933eab6af95661cc7acd916",
    "branch": "claude/improve-solution-tracking-Tm9Rj"
  },
  "behavior_algorithm": {
    "type": "ComposableBehavior",
    "threat_response": 0,
    "food_approach": 3,
    "social_mode": 3,
    "poker_engagement": 2,
    "parameters": {
      "alignment_strength": 0.39063287566751426,
      "ambush_patience": 0.7735584448515054,
      "ambush_strike_distance": 23.610014731567638,
      "base_speed_multiplier": 0.89494629186023,
      "burst_duration": 71.84158743047956,
      "burst_speed": 1.263463856326246,
      "circle_radius": 66.91175842733452,
      "circle_speed": 0.10471983769539761,
      "cohesion_strength": 0.5131550656035523,
      "energy_urgency_threshold": 0.4931859377709723,
      "erratic_amplitude": 0.8,
      "flee_speed": 1.15822965027871,
      "flee_threshold": 123.17182889301212,
      "follow_distance": 36.67169723239547,
      "food_priority": 0.6532486752069855,
      "freeze_distance": 71.97996197120958,
      "intercept_skill": 0.6054739724403384,
      "min_energy_for_poker": 0.37520647336409507,
      "patrol_radius": 116.20522649421277,
      "poker_avoid_radius": 111.33045384506893,
      "poker_priority": 0.23988533617606075,
      "poker_seek_radius": 155.09714120980317,
      "pursuit_speed": 1.1572191283644901,
      "rest_duration": 80.11372358983147,
      "separation_distance": 16.919730337086705,
      "social_distance": 38.33419500912753,
      "social_priority": 0.39211821880394576,
      "stealth_speed": 0.3002598826003148,
      "threat_priority": 0.8281852591437613,
      "zigzag_amplitude": 0.6637786616458171,
      "zigzag_frequency": 0.050360156836947494
    }
  },
  "poker_strategy": {},
  "composable_behavior": null,
  "capture_stats": {
    "total_games": 43,
    "wins": 31,
    "losses": 12,
    "ties": 0,
    "win_rate": 0.7209302325581395,
    "total_energy_won": 599.6668725270127,
    "total_energy_lost": 77.80153951290447,
    "net_energy": 374.74905170922466,
    "roi": 8.715094225795923,
    "current_streak": 28,
    "best_streak": 28,
    "worst_streak": -4,
    "showdown_win_rate": 0.0,
    "fold_rate": 0.27906976744186046,
    "best_hand_rank": 0,
    "avg_hand_rank": 0.0,
    "button_win_rate": 1.0,
    "non_button_win_rate": 0.14285714285714285,
    "positional_advantage": 0.8571428571428572,
    "recent_win_rate": 1.0,
    "skill_trend": "improving"
  },
  "benchmark_result": {
    "per_opponent": {
      "always_fold": 176.24996666666667,
      "random": 1073.462704248366,
      "loose_passive": 174.0238472126635,
      "tight_passive": 138.56523333333334,
      "tight_aggressive": 84.63512350299402,
      "loose_aggressive": 2738.8248142644875,
      "balanced": 76.78033671487157,
      "maniac": 3476.119503546099
    },
    "weighted_bb_per_100": 826.7469036955243,
    "total_hands_played": 31192,
    "elo_rating": 1582.6553168166306,
    "confidence_intervals": {
      "always_fold": [
        172.87410003276975,
        179.62583330056358
      ],
      "random": [
        934.0077243396207,
        1298.6401743901224
      ],
      "loose_passive": [
        147.0497300180893,
        195.85012208547056
      ],
      "tight_passive": [
        113.76385498961251,
        163.36661167705415
      ],
      "tight_aggressive": [
        3.0100583588977656,
        212.7836218660249
      ],
      "loose_aggressive": [
        2039.3138615203545,
        3908.5272474598196
      ],
      "balanced": [
        -81.39837614361312,
        175.4285299042116
      ],
      "maniac": [
        -8120.158007287539,
        6346.807426311318
      ]
    },
    "skill_tier": "expert",
    "evaluated_at": "2025-12-30T15:54:42.294070"
  }
}