{
  "metadata": {
    "solution_id": "2ad5d201_20260103_191654",
    "name": "Sonnet-4.5 Balanced Champion",
    "description": "Improved Sonnet-4.5 with positional balance - 105 games, seed 77777, 75000 frames",
    "author": "claude-sonnet-4-5-20250929",
    "submitted_at": "2026-01-03T19:16:54.112248",
    "version": "1.0.0",
    "generation": 85,
    "simulation_frames": 0,
    "fish_id": 2027,
    "commit_sha": "daa55191bb041feeae8b8e3d8d56e7ea3ac3f62c",
    "branch": "master"
  },
  "behavior_algorithm": {
    "type": "ComposableBehavior",
    "threat_response": 2,
    "food_approach": 3,
    "social_mode": 2,
    "poker_engagement": 1,
    "parameters": {
      "alignment_strength": 0.5197660787876313,
      "ambush_patience": 0.5000439041835211,
      "ambush_strike_distance": 36.5826358755021,
      "base_speed_multiplier": 0.5532257494981673,
      "burst_duration": 82.62011548557354,
      "burst_speed": 1.3264853487724158,
      "circle_radius": 43.978808185849616,
      "circle_speed": 0.0966659705362232,
      "cohesion_strength": 0.7785069519691503,
      "energy_urgency_threshold": 0.3912755819410364,
      "erratic_amplitude": 0.5272424985628218,
      "flee_speed": 0.9496736399982703,
      "flee_threshold": 134.31487739975705,
      "follow_distance": 25.65163637819615,
      "food_priority": 0.8143261992191551,
      "freeze_distance": 49.84099347581858,
      "intercept_skill": 0.3404204479393322,
      "min_energy_for_poker": 0.40291761739409504,
      "patrol_radius": 121.74749040124311,
      "poker_avoid_radius": 107.61542717037503,
      "poker_priority": 0.4503419120713602,
      "poker_seek_radius": 182.26497506098588,
      "pursuit_speed": 0.9737182186955817,
      "rest_duration": 70.88210684131415,
      "separation_distance": 18.66808638972034,
      "social_distance": 47.06698108125726,
      "social_priority": 0.17138652285074765,
      "stealth_speed": 0.3033134543593632,
      "threat_priority": 0.9813120672690806,
      "zigzag_amplitude": 0.7547491769441202,
      "zigzag_frequency": 0.058728003941047706
    }
  },
  "poker_strategy": {
    "type": "ComposablePokerStrategy",
    "strategy_id": "composable",
    "hand_selection": 3,
    "betting_style": 2,
    "bluffing_approach": 1,
    "position_awareness": 0,
    "showdown_tendency": 0,
    "parameters": {
      "bluff_frequency": 0.17617798554975317,
      "bluff_sizing": 0.9,
      "continuation_bet_freq": 0.522040898994915,
      "desperation_threshold": 0.29141593504083524,
      "ip_aggression_boost": 0.10292748706663445,
      "oop_tightening": 0.12143260277371073,
      "opponent_model_weight": 0.02637960707377159,
      "playable_threshold": 0.3965405272771044,
      "position_range_expand": 0.1543541364606852,
      "pot_odds_sensitivity": 1.424905202444765,
      "premium_threshold": 0.9188414654323273,
      "risk_tolerance": 0.31335429580492363,
      "semibluff_threshold": 0.2929215617628973,
      "value_bet_sizing": 0.757446898593159
    },
    "learning_rate": 1.0,
    "regret": {
      "0:0:OOP:0": {
        "call": 26.43231455980601,
        "fold": -7.498435382893479,
        "raise_big": 95.26440419599673,
        "raise_small": 60.848359377901396
      },
      "1:0:IP:0": {
        "call": 3.7841299689560817,
        "fold": -516.0153205680614,
        "raise_big": 79.80798187154849,
        "raise_small": 41.79605592025233
      },
      "2:0:IP:0": {
        "call": -4.622891452668628,
        "fold": -414.71362783058714,
        "raise_big": 50.36403741664255,
        "raise_small": 22.87057298198699
      },
      "1:0:OOP:0": {
        "fold": -126.66315489063572,
        "call": 19.9561,
        "raise_small": 51.01602548906358,
        "raise_big": 82.07595097812712
      },
      "2:0:OOP:0": {
        "fold": -157.7926,
        "call": 8.633399999999998,
        "raise_small": 27.721000000000004,
        "raise_big": 46.808599999999984
      },
      "1:1:OOP:0": {
        "fold": -179.8341437702543,
        "call": 0.9395505663405199,
        "raise_small": 19.936020000000003,
        "raise_big": 38.93248943365948
      },
      "0:0:IP:0": {
        "fold": -112.09023749148453,
        "call": -1.6182834792864824,
        "raise_small": 4.0227,
        "raise_big": 9.663683479286478
      },
      "0:1:OOP:0": {
        "fold": -37.01925810955974,
        "call": -1.2150819908351282,
        "raise_small": 8.085234827089515,
        "raise_big": 17.38555164501414
      },
      "3:0:IP:0": {
        "fold": -286.27717100000007,
        "call": -8.019561000000007,
        "raise_small": 4.336200000000009,
        "raise_big": 16.691961000000003
      }
    },
    "strategy_sum": {
      "0:0:OOP:0": {
        "call": 2.2820436565757682,
        "fold": 0.5687693978098517,
        "raise_big": 9.580739411550997,
        "raise_small": 5.931391534063383
      },
      "1:0:IP:0": {
        "call": 1.3667618902019019,
        "fold": 0.0,
        "raise_big": 18.144147180060564,
        "raise_small": 9.753218929737535
      },
      "2:0:IP:0": {
        "call": 0.005274157986938915,
        "fold": 0.0,
        "raise_big": 14.094003553400304,
        "raise_small": 6.149362288612757
      },
      "1:0:OOP:0": {
        "fold": 0.7000000000000001,
        "call": 1.4162699097882285,
        "raise_small": 5.1000000000000005,
        "raise_big": 8.78373009021177
      },
      "2:0:OOP:0": {
        "fold": 1.0181818181818183,
        "call": 0.9370078048440396,
        "raise_small": 2.9939393939393946,
        "raise_big": 5.050870983034748
      },
      "1:1:OOP:0": {
        "fold": 0.0,
        "call": 0.18400664762147823,
        "raise_small": 1.6250788495175348,
        "raise_big": 4.190914502860988
      },
      "0:0:IP:0": {
        "fold": 0.0,
        "call": 0.2095441064858248,
        "raise_small": 1.5721329573845204,
        "raise_big": 3.2183229361296553
      },
      "0:1:OOP:0": {
        "fold": 0.0,
        "call": 0.0,
        "raise_small": 0.8434978077217385,
        "raise_big": 3.1565021922782615
      },
      "3:0:IP:0": {
        "fold": 0.0,
        "call": 0.0,
        "raise_small": 1.9725256530788444,
        "raise_big": 7.027474346921156
      }
    },
    "visit_count": {
      "1:0:IP:0": 16,
      "1:0:OOP:0": 16,
      "2:0:OOP:0": 10,
      "1:1:OOP:0": 6,
      "0:0:IP:0": 5,
      "0:1:OOP:0": 4,
      "2:0:IP:0": 13,
      "3:0:IP:0": 9,
      "0:0:OOP:0": 9
    }
  },
  "composable_behavior": null,
  "capture_stats": {
    "total_games": 105,
    "wins": 54,
    "losses": 50,
    "ties": 1,
    "win_rate": 0.5142857142857142,
    "total_energy_won": 1007.5056402053656,
    "total_energy_lost": 849.8610499656739,
    "net_energy": -89.52678101866096,
    "roi": -0.8526360097015329,
    "current_streak": -2,
    "best_streak": 9,
    "worst_streak": -8,
    "showdown_win_rate": 0.5714285714285714,
    "fold_rate": 0.3142857142857143,
    "best_hand_rank": 5,
    "avg_hand_rank": 0.6571428571428571,
    "button_win_rate": 0.72,
    "non_button_win_rate": 0.32727272727272727,
    "positional_advantage": 0.3927272727272727,
    "recent_win_rate": 0.4,
    "skill_trend": "declining"
  },
  "benchmark_result": {
    "per_opponent": {
      "always_fold": 147.39333333333335,
      "random": 389.80200655990734,
      "loose_passive": 127.36606666666665,
      "tight_passive": 165.30025,
      "tight_aggressive": 108.23611666666666,
      "loose_aggressive": 949.8573162939297,
      "balanced": 361.1765369885103,
      "maniac": 198.12440366972473
    },
    "weighted_bb_per_100": 313.09251044585017,
    "total_hands_played": 36254,
    "elo_rating": 1582.6553168166306,
    "confidence_intervals": {
      "always_fold": [
        144.62291366783805,
        150.16375299882858
      ],
      "random": [
        251.84105516018315,
        679.4801045382825
      ],
      "loose_passive": [
        117.9955540609379,
        136.73657927239543
      ],