{
  "metadata": {
    "solution_id": "2e9c6046_20251229_222622",
    "name": "GPT-5.2-Codex-Prime Poker Overlord",
    "description": "GPT-5.2-Codex-Prime Poker Overlord evolved over 100,000 frames (seed 6060) using multi-metric candidate scan (metric elo score 1359.22). Poker games=172, win_rate=0.733, roi=6.619, net_energy=1138.5.",
    "author": "GPT-5.2-Codex-Prime",
    "submitted_at": "2025-12-29T22:26:22.497132",
    "version": "1.0.0",
    "generation": 60,
    "simulation_frames": 0,
    "fish_id": 2633,
    "commit_sha": "0531547164ccee207c83a54f26fca9898ee6b2fe",
    "branch": "master"
  },
  "behavior_algorithm": {
    "type": "ComposableBehavior",
    "threat_response": 2,
    "food_approach": 3,
    "social_mode": 0,
    "poker_engagement": 1,
    "parameters": {
      "alignment_strength": 0.3609749829209154,
      "ambush_patience": 0.8436092686852068,
      "ambush_strike_distance": 30.444881610345895,
      "base_speed_multiplier": 0.6539701942279897,
      "burst_duration": 46.65322939688453,
      "burst_speed": 1.302282848802098,
      "circle_radius": 68.98114829110524,
      "circle_speed": 0.07629271961270317,
      "cohesion_strength": 0.6271884083491495,
      "energy_urgency_threshold": 0.38257685245640166,
      "erratic_amplitude": 0.7163823153045691,
      "flee_speed": 1.186184738249991,
      "flee_threshold": 105.39128079902636,
      "follow_distance": 54.334286718288496,
      "food_priority": 0.8048177455273476,
      "freeze_distance": 82.58377935511456,
      "intercept_skill": 0.6439416870999662,
      "min_energy_for_poker": 0.38740063580654205,
      "patrol_radius": 61.1502229009195,
      "poker_avoid_radius": 97.83699366347719,
      "poker_priority": 0.3317216904416082,
      "poker_seek_radius": 193.66371544836989,
      "pursuit_speed": 1.1038798131412164,
      "rest_duration": 48.141805898850166,
      "separation_distance": 29.899800009227732,
      "social_distance": 78.03623678870667,
      "social_priority": 0.4859420813436506,
      "stealth_speed": 0.4553794191108397,
      "threat_priority": 0.7590390294739764,
      "zigzag_amplitude": 0.4248582873715352,
      "zigzag_frequency": 0.05716171045178267
    }
  },
  "poker_strategy": {},
  "composable_behavior": null,
  "capture_stats": {
    "total_games": 172,
    "wins": 126,
    "losses": 46,
    "ties": 0,
    "win_rate": 0.7325581395348837,
    "total_energy_won": 2778.100053471683,
    "total_energy_lost": 958.0473085448552,
    "net_energy": 1138.5014242121056,
    "roi": 6.619194326814568,
    "current_streak": 10,
    "best_streak": 38,
    "worst_streak": -19,
    "showdown_win_rate": 0.5,
    "fold_rate": 0.19767441860465115,
    "best_hand_rank": 6,
    "avg_hand_rank": 0.5581395348837209,
    "button_win_rate": 0.9140625,
    "non_button_win_rate": 0.20454545454545456,
    "positional_advantage": 0.7095170454545454,
    "recent_win_rate": 1.0,
    "skill_trend": "improving"
  },
  "benchmark_result": {
    "per_opponent": {
      "always_fold": 142.7686,
      "random": 546.9890047986647,
      "loose_passive": -1.1319333333333332,
      "tight_passive": 112.68238333333333,
      "tight_aggressive": 26.304237904692613,
      "loose_aggressive": 2480.76332094176,
      "balanced": -66.6099287718541,
      "maniac": 2606.3607142857145
    },
    "weighted_bb_per_100": 605.9928056021494,
    "total_hands_played": 34151,
    "elo_rating": 1432.7610114054673,
    "confidence_intervals": {
      "always_fold": [
        138.898629690062,
        146.638570309938
      ],
      "random": [
        466.2002603585518,
        676.8526731126526
      ],
      "loose_passive": [
        -11.975301295723243,
        9.711434629056578
      ],
      "tight_passive": [
        82.34099235452939,
        143.02377431213728
      ],
      "tight_aggressive": [
        -30.182832611780178,
        125.58712968744328
      ],
      "loose_aggressive": [
        2087.1439021057645,
        3562.7995159833395
      ],
      "balanced": [
        -207.86819377616732,
        -6.65947844176236
      ],
      "maniac": [
        -1166.5423670961472,
        5482.049884722492
      ]
    },
    "skill_tier": "intermediate",
    "evaluated_at": "2025-12-30T15:54:47.327464"
  }
}