{
  "metadata": {
    "solution_id": "3b432fba_20251230_022803",
    "name": "Gemini 2.5 Ultra Champion",
    "description": "AI solution from Gemini-2.5 evolved in tournament simulation",
    "author": "Gemini-2.5",
    "submitted_at": "2025-12-30T02:28:03.337876",
    "version": "1.0.0",
    "generation": 10,
    "simulation_frames": 0,
    "fish_id": 416,
    "commit_sha": "6e7ba126d411f16d8e52fb1d63fa00960943410a",
    "branch": "claude/ai-solutions-tournament-JBREb"
  },
  "behavior_algorithm": {
    "type": "ComposableBehavior",
    "threat_response": 2,
    "food_approach": 5,
    "social_mode": 0,
    "poker_engagement": 0,
    "parameters": {
      "alignment_strength": 0.4509427750152708,
      "ambush_patience": 0.6328135302475937,
      "ambush_strike_distance": 36.84012692683092,
      "base_speed_multiplier": 0.9143410777732307,
      "burst_duration": 63.74300721997403,
      "burst_speed": 1.2381267608355468,
      "circle_radius": 63.09137147927172,
      "circle_speed": 0.06509103881010522,
      "cohesion_strength": 0.6041911746540336,
      "energy_urgency_threshold": 0.46436431208125345,
      "erratic_amplitude": 0.6760538289182918,
      "flee_speed": 1.0911148716915477,
      "flee_threshold": 83.13359489653604,
      "follow_distance": 22.782854916506057,
      "food_priority": 0.7744470270422006,
      "freeze_distance": 89.99308095480002,
      "intercept_skill": 0.5168235678195874,
      "min_energy_for_poker": 0.36184659817719506,
      "patrol_radius": 60.0,
      "poker_avoid_radius": 77.01316234571183,
      "poker_priority": 0.5956417979622215,
      "poker_seek_radius": 155.95545303736904,
      "pursuit_speed": 0.995103811950874,
      "rest_duration": 93.08389355208448,
      "separation_distance": 25.353888063467984,
      "social_distance": 55.43619590997096,
      "social_priority": 0.35698720790952826,
      "stealth_speed": 0.2,
      "threat_priority": 0.9947212307624025,
      "zigzag_amplitude": 0.5641323606381495,
      "zigzag_frequency": 0.06941473936094031
    }
  },
  "poker_strategy": {},
  "composable_behavior": null,
  "capture_stats": {
    "total_games": 481,
    "wins": 376,
    "losses": 102,
    "ties": 3,
    "win_rate": 0.7817047817047817,
    "total_energy_won": 9437.943067096548,
    "total_energy_lost": 3505.495120433647,
    "net_energy": 3617.0372564785657,
    "roi": 7.519827976046914,
    "current_streak": 6,
    "best_streak": 29,
    "worst_streak": -12,
    "showdown_win_rate": 0.23655913978494625,
    "fold_rate": 0.07068607068607069,
    "best_hand_rank": 6,
    "avg_hand_rank": 0.49272349272349275,
    "button_win_rate": 0.8371040723981901,
    "non_button_win_rate": 0.15384615384615385,
    "positional_advantage": 0.6832579185520362,
    "recent_win_rate": 0.8,
    "skill_trend": "stable"
  },
  "benchmark_result": {
    "per_opponent": {
      "always_fold": 145.42806666666667,
      "random": 345.4246529769416,
      "loose_passive": 49.76677777777778,
      "tight_passive": 137.32648888888892,
      "tight_aggressive": 87.44318888888888,
      "loose_aggressive": 1399.9956236323853,
      "maniac": 1209.9218867924528,
      "balanced": 124.80316653183866
    },
    "weighted_bb_per_100": 386.0198545012819,
    "total_hands_played": 55993,
    "elo_rating": 1582.6553168166306,
    "confidence_intervals": {
      "always_fold": [
        142.5075356137384,
        148.34859771959492
      ],
      "random": [
        299.10818202223345,
        398.94729695768854
      ],
      "loose_passive": [
        38.21921697282114,
        61.314338582734415
      ],
      "tight_passive": [
        111.02750426688493,
        163.62547351089285
      ],
      "tight_aggressive": [
        18.91024263479551,
        155.97613514298226
      ],
      "loose_aggressive": [
        1035.3948739707844,
        2455.387638317079
      ],
      "maniac": [
        -1135.7420726424025,
        2380.403944576618
      ],
      "balanced": [
        48.26167230564059,
        209.3730828628019
      ]
    },
    "skill_tier": "expert",
    "evaluated_at": "2025-12-30T02:37:08.132632"
  }
}