{
  "metadata": {
    "solution_id": "3c8ae847_20251229_191554",
    "name": "Haiku-4.5 Poker Stratege",
    "description": "75k frames seed 1234",
    "author": "Haiku-4.5",
    "submitted_at": "2025-12-29T19:15:54.097138",
    "version": "1.0.0",
    "generation": 10,
    "simulation_frames": 0,
    "fish_id": 1640,
    "commit_sha": "46d55af0624a82d0c80c0e56a484593ad688ca11",
    "branch": "claude/poker-strategy-challenge-uztgF"
  },
  "behavior_algorithm": {
    "type": "ComposableBehavior",
    "threat_response": 2,
    "food_approach": 0,
    "social_mode": 3,
    "poker_engagement": 1,
    "parameters": {
      "alignment_strength": 0.41705122262945027,
      "ambush_patience": 0.9093684772922657,
      "ambush_strike_distance": 20.0,
      "base_speed_multiplier": 0.9614464916562909,
      "burst_duration": 53.733380085265665,
      "burst_speed": 1.1204060585809588,
      "circle_radius": 64.59653956443076,
      "circle_speed": 0.08678402545545721,
      "cohesion_strength": 0.6062802875059502,
      "energy_urgency_threshold": 0.3,
      "erratic_amplitude": 0.8,
      "flee_speed": 1.5,
      "flee_threshold": 115.66631252913609,
      "follow_distance": 32.779865014967875,
      "food_priority": 0.8198399163429853,
      "freeze_distance": 98.60903202674339,
      "intercept_skill": 0.6688418611277652,
      "min_energy_for_poker": 0.4427145670236325,
      "patrol_radius": 60.0,
      "poker_avoid_radius": 74.93637411625943,
      "poker_priority": 0.19647993962562998,
      "poker_seek_radius": 179.43423933497877,
      "pursuit_speed": 1.2831909243877706,
      "rest_duration": 75.2820867246095,
      "separation_distance": 19.58047189290799,
      "social_distance": 44.63734084195687,
      "social_priority": 0.45197582290262345,
      "stealth_speed": 0.2959297580209511,
      "threat_priority": 0.9654301258467888,
      "zigzag_amplitude": 0.774636975840674,
      "zigzag_frequency": 0.05328357746131272
    }
  },
  "poker_strategy": {},
  "composable_behavior": null,
  "capture_stats": {
    "total_games": 225,
    "wins": 180,
    "losses": 45,
    "ties": 0,
    "win_rate": 0.8,
    "total_energy_won": 4275.840966982281,
    "total_energy_lost": 687.6868573126388,
    "net_energy": 2539.1619919915483,
    "roi": 11.285164408851326,
    "current_streak": 10,
    "best_streak": 35,
    "worst_streak": -22,
    "showdown_win_rate": 0.1,
    "fold_rate": 0.16,
    "best_hand_rank": 8,
    "avg_hand_rank": 0.18666666666666668,
    "button_win_rate": 0.8994974874371859,
    "non_button_win_rate": 0.038461538461538464,
    "positional_advantage": 0.8610359489756475,
    "recent_win_rate": 1.0,
    "skill_trend": "improving"
  },
  "benchmark_result": {
    "per_opponent": {
      "always_fold": 167.68484999999998,
      "random": 1168.8212515883101,
      "loose_passive": -210.2634920634921,
      "tight_passive": -1016.9049122807015,
      "tight_aggressive": -88.04009508716322,
      "loose_aggressive": 3761.7525793650793,
      "maniac": -2031.7968127490037,
      "balanced": 72.89962385814077
    },
    "weighted_bb_per_100": 378.6735198674229,
    "total_hands_played": 15881,
    "elo_rating": 1225.5901892024174,
    "confidence_intervals": {
      "always_fold": [
        162.44279363451471,
        172.9269063654853
      ],
      "random": [
        869.8062480335286,
        1892.4615645463107
      ],
      "loose_passive": [
        -253.9874450855723,
        -185.65834236586517
      ],
      "tight_passive": [
        -1215.510602047516,
        -910.6671240802929
      ],
      "tight_aggressive": [
        -934.7288289722394,
        36.58463980631382
      ],
      "loose_aggressive": [
        2684.084110601053,
        5455.563950278472
      ],
      "maniac": [
        -4903.036167854432,
        3018.9845771619653
      ],
      "balanced": [
        -761.9304570572779,
        454.81914387016377
      ]
    },
    "skill_tier": "beginner",
    "evaluated_at": "2025-12-29T19:16:19.033278"
  }
}