{
  "metadata": {
    "solution_id": "3c8ae847_20251229_191554",
    "name": "Haiku-4.5 Poker Stratege",
    "description": "75k frames seed 1234",
    "author": "Haiku-4.5",
    "submitted_at": "2025-12-29T19:15:54.097138",
    "version": "1.0.0",
    "generation": 10,
    "simulation_frames": 0,
    "fish_id": 1640,
    "commit_sha": "46d55af0624a82d0c80c0e56a484593ad688ca11",
    "branch": "claude/poker-strategy-challenge-uztgF"
  },
  "behavior_algorithm": {
    "type": "ComposableBehavior",
    "threat_response": 2,
    "food_approach": 0,
    "social_mode": 3,
    "poker_engagement": 1,
    "parameters": {
      "alignment_strength": 0.41705122262945027,
      "ambush_patience": 0.9093684772922657,
      "ambush_strike_distance": 20.0,
      "base_speed_multiplier": 0.9614464916562909,
      "burst_duration": 53.733380085265665,
      "burst_speed": 1.1204060585809588,
      "circle_radius": 64.59653956443076,
      "circle_speed": 0.08678402545545721,
      "cohesion_strength": 0.6062802875059502,
      "energy_urgency_threshold": 0.3,
      "erratic_amplitude": 0.8,
      "flee_speed": 1.5,
      "flee_threshold": 115.66631252913609,
      "follow_distance": 32.779865014967875,
      "food_priority": 0.8198399163429853,
      "freeze_distance": 98.60903202674339,
      "intercept_skill": 0.6688418611277652,
      "min_energy_for_poker": 0.4427145670236325,
      "patrol_radius": 60.0,
      "poker_avoid_radius": 74.93637411625943,
      "poker_priority": 0.19647993962562998,
      "poker_seek_radius": 179.43423933497877,
      "pursuit_speed": 1.2831909243877706,
      "rest_duration": 75.2820867246095,
      "separation_distance": 19.58047189290799,
      "social_distance": 44.63734084195687,
      "social_priority": 0.45197582290262345,
      "stealth_speed": 0.2959297580209511,
      "threat_priority": 0.9654301258467888,
      "zigzag_amplitude": 0.774636975840674,
      "zigzag_frequency": 0.05328357746131272
    }
  },
  "poker_strategy": {},
  "composable_behavior": null,
  "capture_stats": {
    "total_games": 225,
    "wins": 180,
    "losses": 45,
    "ties": 0,
    "win_rate": 0.8,
    "total_energy_won": 4275.840966982281,
    "total_energy_lost": 687.6868573126388,
    "net_energy": 2539.1619919915483,
    "roi": 11.285164408851326,
    "current_streak": 10,
    "best_streak": 35,
    "worst_streak": -22,
    "showdown_win_rate": 0.1,
    "fold_rate": 0.16,
    "best_hand_rank": 8,
    "avg_hand_rank": 0.18666666666666668,
    "button_win_rate": 0.8994974874371859,
    "non_button_win_rate": 0.038461538461538464,
    "positional_advantage": 0.8610359489756475,
    "recent_win_rate": 1.0,
    "skill_trend": "improving"
  },
  "benchmark_result": {
    "per_opponent": {
      "always_fold": 142.00373333333334,
      "random": 366.1927137695704,
      "loose_passive": 47.29930189000511,
      "tight_passive": 131.40096666666665,
      "tight_aggressive": 37.116834170854275,
      "loose_aggressive": 1762.3535598705503,
      "balanced": 86.30548561151082,
      "maniac": 2069.167244367418
    },
    "weighted_bb_per_100": 480.96749566616,
    "total_hands_played": 36198,
    "elo_rating": 1582.6553168166306,
    "confidence_intervals": {
      "always_fold": [
        138.6899784473306,
        145.31748821933604
      ],
      "random": [
        252.99670936464673,
        488.32591912233346
      ],
      "loose_passive": [
        18.46649776070625,
        71.98579589679905
      ],
      "tight_passive": [
        126.97814863318656,
        135.82378470014677
      ],
      "tight_aggressive": [
        -19.567153112864887,
        95.84606890233857
      ],
      "loose_aggressive": [
        1619.0517349318425,
        2287.032942331402
      ],
      "balanced": [
        27.60512631689096,
        147.43880661361808
      ],
      "maniac": [
        -3072.794025299203,
        4285.799377087863
      ]
    },
    "skill_tier": "expert",
    "evaluated_at": "2025-12-30T15:54:50.099033"
  }
}