{
  "metadata": {
    "solution_id": "685e413d_20251230_161935",
    "name": "Local Tank Best",
    "description": "Strategy from fish 353",
    "author": "Aztek",
    "submitted_at": "2025-12-30T16:19:35.763060",
    "version": "1.0.0",
    "generation": 1829,
    "simulation_frames": 0,
    "fish_id": 353,
    "commit_sha": "890028fc81ff46bbacd373e711f810240aa16adc",
    "branch": "master"
  },
  "behavior_algorithm": {
    "type": "ComposableBehavior",
    "threat_response": 3,
    "food_approach": 4,
    "social_mode": 0,
    "poker_engagement": 0,
    "parameters": {
      "alignment_strength": 0.5053335588759333,
      "ambush_patience": 0.9081790327025261,
      "ambush_strike_distance": 29.94001499609802,
      "base_speed_multiplier": 0.5366678947902557,
      "burst_duration": 32.13828039672001,
      "burst_speed": 1.1008942099041208,
      "circle_radius": 55.37174637076299,
      "circle_speed": 0.11773326398493826,
      "cohesion_strength": 0.35459518359340375,
      "energy_urgency_threshold": 0.391622243416082,
      "erratic_amplitude": 0.7011843097472965,
      "flee_speed": 1.3954671466281328,
      "flee_threshold": 174.4204247859269,
      "follow_distance": 27.945790188991026,
      "food_priority": 0.8841145391214262,
      "freeze_distance": 93.55193499610162,
      "intercept_skill": 0.5229764995289945,
      "min_energy_for_poker": 0.4100345555777631,
      "patrol_radius": 117.27575523044155,
      "poker_avoid_radius": 108.08494411919203,
      "poker_priority": 0.30961431045993165,
      "poker_seek_radius": 120.0,
      "pursuit_speed": 0.9,
      "rest_duration": 51.19816224895264,
      "separation_distance": 27.43211732666378,
      "social_distance": 39.77294398587612,
      "social_priority": 0.15030635667700237,
      "stealth_speed": 0.44159610078347367,
      "threat_priority": 0.9650479731403988,
      "zigzag_amplitude": 0.6364115683421335,
      "zigzag_frequency": 0.02417704112399117
    }
  },
  "poker_strategy": {},
  "composable_behavior": null,
  "capture_stats": {
    "total_games": 62,
    "wins": 45,
    "losses": 17,
    "ties": 0,
    "win_rate": 0.7258064516129032,
    "total_energy_won": 1502.84778135527,
    "total_energy_lost": 402.0082142373614,
    "net_energy": 732.1459022026054,
    "roi": 11.808804874235571,
    "current_streak": 3,
    "best_streak": 19,
    "worst_streak": -8,
    "showdown_win_rate": 0.42857142857142855,
    "fold_rate": 0.20967741935483872,
    "best_hand_rank": 2,
    "avg_hand_rank": 0.2903225806451613,
    "button_win_rate": 0.88,
    "non_button_win_rate": 0.08333333333333333,
    "positional_advantage": 0.7966666666666666,
    "recent_win_rate": 0.8,
    "skill_trend": "stable"
  },
  "benchmark_result": {
    "per_opponent": {
      "always_fold": 136.6967,
      "random": 265.60044007248257,
      "loose_passive": -17.19899623588457,
      "tight_passive": 117.79952499999999,
      "tight_aggressive": 87.55821195379205,
      "loose_aggressive": 1284.7421821305843,
      "balanced": 167.5385273528649,
      "maniac": 1035.8221415607989
    },
    "weighted_bb_per_100": 341.41968814056514,
    "total_hands_played": 25402,
    "elo_rating": 1535.2792269321278,
    "confidence_intervals": {
      "always_fold": [
        131.39535493515618,
        141.9980450648438
      ],
      "random": [
        178.65880022775366,
        361.7421649764934
      ],
      "loose_passive": [
        -34.164441515350134,
        -0.74096367945506
      ],
      "tight_passive": [
        111.76807293410603,
        123.83097706589398
      ],
      "tight_aggressive": [
        -0.30472532490956894,
        174.36177166075544
      ],
      "loose_aggressive": [
        1154.2827614201203,
        1638.6508220257967
      ],
      "balanced": [
        72.53256312650342,
        285.699377223966
      ],
      "maniac": [
        -449.1575042449149,
        2412.4500223425507
      ]
    },
    "skill_tier": "advanced",
    "evaluated_at": "2025-12-30T16:45:32.666035"
  }
}