{
  "metadata": {
    "solution_id": "740f5b12_20251230_164559",
    "name": "Local Tank Best",
    "description": "Strategy from fish 1480",
    "author": "Aztek",
    "submitted_at": "2025-12-30T16:45:59.064220",
    "version": "1.0.0",
    "generation": 1846,
    "simulation_frames": 0,
    "fish_id": 1480,
    "commit_sha": "890028fc81ff46bbacd373e711f810240aa16adc",
    "branch": "master"
  },
  "behavior_algorithm": {
    "type": "ComposableBehavior",
    "threat_response": 2,
    "food_approach": 3,
    "social_mode": 2,
    "poker_engagement": 2,
    "parameters": {
      "alignment_strength": 0.47595850714722343,
      "ambush_patience": 0.7568201457535404,
      "ambush_strike_distance": 21.434115300660775,
      "base_speed_multiplier": 0.6947498873848666,
      "burst_duration": 35.89676208415971,
      "burst_speed": 1.137306269915615,
      "circle_radius": 52.38283915351343,
      "circle_speed": 0.14490104349294725,
      "cohesion_strength": 0.5331628187113081,
      "energy_urgency_threshold": 0.5658805886838715,
      "erratic_amplitude": 0.4332358693388162,
      "flee_speed": 1.4159150581643498,
      "flee_threshold": 152.9833052966572,
      "follow_distance": 25.705352218227475,
      "food_priority": 0.95,
      "freeze_distance": 41.641938353380446,
      "intercept_skill": 0.30025792525376643,
      "min_energy_for_poker": 0.47843835841258164,
      "patrol_radius": 150.0,
      "poker_avoid_radius": 135.64443152008812,
      "poker_priority": 0.21638010273372085,
      "poker_seek_radius": 146.92068906580138,
      "pursuit_speed": 1.0193527356348238,
      "rest_duration": 55.80909547966685,
      "separation_distance": 17.369521371289117,
      "social_distance": 78.94720113641324,
      "social_priority": 0.10108331333896753,
      "stealth_speed": 0.48741882641101797,
      "threat_priority": 0.8345519236074899,
      "zigzag_amplitude": 0.6637069816863415,
      "zigzag_frequency": 0.04422425473150409
    }
  },
  "poker_strategy": {},
  "composable_behavior": null,
  "capture_stats": {
    "total_games": 170,
    "wins": 128,
    "losses": 41,
    "ties": 1,
    "win_rate": 0.7529411764705882,
    "total_energy_won": 4238.29244945245,
    "total_energy_lost": 1245.5362301796115,
    "net_energy": 1952.9758798679418,
    "roi": 11.488093410987894,
    "current_streak": 3,
    "best_streak": 20,
    "worst_streak": -12,
    "showdown_win_rate": 0.37142857142857144,
    "fold_rate": 0.11764705882352941,
    "best_hand_rank": 5,
    "avg_hand_rank": 0.6705882352941176,
    "button_win_rate": 0.825503355704698,
    "non_button_win_rate": 0.23809523809523808,
    "positional_advantage": 0.5874081176094599,
    "recent_win_rate": 0.9,
    "skill_trend": "improving"
  },
  "benchmark_result": null
}