{
  "metadata": {
    "solution_id": "8e798df2_20260103_204658",
    "name": "Gemini 3 Pro Ultimate Champion",
    "description": "Gemini 3 Pro evolved champion - 113 games, seed 222222, 150000 frames, balanced scoring",
    "author": "gemini-3-pro-002",
    "submitted_at": "2026-01-03T20:46:58.016667",
    "version": "1.0.0",
    "generation": 191,
    "simulation_frames": 0,
    "fish_id": 4273,
    "commit_sha": "3c746b74b8ec89defc33a62b741728228cc02f00",
    "branch": "master"
  },
  "behavior_algorithm": {
    "type": "ComposableBehavior",
    "threat_response": 3,
    "food_approach": 3,
    "social_mode": 2,
    "poker_engagement": 2,
    "parameters": {
      "alignment_strength": 0.2976828723048799,
      "ambush_patience": 0.9465793527164414,
      "ambush_strike_distance": 30.225290350045007,
      "base_speed_multiplier": 0.8736603144445858,
      "burst_duration": 36.86146156846565,
      "burst_speed": 1.1411146929760443,
      "circle_radius": 39.968272661064105,
      "circle_speed": 0.10017742045525671,
      "cohesion_strength": 0.8,
      "energy_urgency_threshold": 0.5024923425512677,
      "erratic_amplitude": 0.5343034814819851,
      "flee_speed": 1.2565941182752578,
      "flee_threshold": 143.23172024730428,
      "follow_distance": 54.75890082559268,
      "food_priority": 0.7470661823469393,
      "freeze_distance": 92.99033957556443,
      "intercept_skill": 0.8113416050547253,
      "min_energy_for_poker": 0.38522711017115574,
      "patrol_radius": 107.02083609411702,
      "poker_avoid_radius": 147.45517111682153,
      "poker_priority": 0.5302350183315526,
      "poker_seek_radius": 171.49031152803602,
      "pursuit_speed": 1.096247909232942,
      "rest_duration": 45.82892586275159,
      "separation_distance": 29.238575107830908,
      "social_distance": 35.77473752053325,
      "social_priority": 0.21525496241952485,
      "stealth_speed": 0.5,
      "threat_priority": 0.8809926935829848,
      "zigzag_amplitude": 0.9856087781707108,
      "zigzag_frequency": 0.07705126996305908
    }
  },
  "poker_strategy": {
    "type": "ComposablePokerStrategy",
    "strategy_id": "composable",
    "hand_selection": 2,
    "betting_style": 3,
    "bluffing_approach": 2,
    "position_awareness": 0,
    "showdown_tendency": 0,
    "parameters": {
      "bluff_frequency": 0.09933682432652807,
      "bluff_sizing": 0.5808127632758433,
      "continuation_bet_freq": 0.7870321010664305,
      "desperation_threshold": 0.22924446289694717,
      "ip_aggression_boost": 0.1424971831757893,
      "oop_tightening": 0.2075582950587581,
      "opponent_model_weight": 0.3167895571598,
      "playable_threshold": 0.4388631266459605,
      "position_range_expand": 0.06539623741879214,
      "pot_odds_sensitivity": 1.3510723574912236,
      "premium_threshold": 0.75,
      "risk_tolerance": 0.3784856359352383,
      "semibluff_threshold": 0.24157887348750917,
      "value_bet_sizing": 0.734825995353443
    },
    "learning_rate": 1.0,
    "regret": {
      "1:0:OOP:0": {
        "call": 23.055644026663526,
        "fold": 8.618080000000006,
        "raise_big": 100.44291607999055,
        "raise_small": 61.74928005332704
      },
      "2:0:OOP:0": {
        "call": 11.717490111999991,
        "fold": -293.865874360711,
        "raise_big": 71.43320872279446,
        "raise_small": 41.57534941739724
      },
      "2:1:OOP:0": {
        "fold": -282.08382100000006,
        "call": -0.4080634516325947,
        "raise_small": 19.157695096734834,
        "raise_big": 38.72345364510223
      },
      "1:0:IP:0": {
        "fold": 7.072999999999995,
        "call": 3.5999999999999996,
        "raise_small": 11.8227,
        "raise_big": 20.0454
      },
      "3:0:IP:0": {
        "fold": -166.10358489016593,
        "call": -3.934700000000003,
        "raise_small": 2.165833520042929,
        "raise_big": 8.266367040085848
      },
      "2:0:IP:0": {
        "fold": -187.97419259832986,
        "call": 0.13425199999999826,
        "raise_small": 15.786462200238596,
        "raise_big": 31.438672400477174
      },
      "0:0:OOP:0": {
        "fold": 36.4,
        "call": 5.3999999999999995,
        "raise_small": 16.0,
        "raise_big": 26.6
      },
      "1:1:OOP:0": {
        "fold": 0.0,
        "call": 14.615724400477179,
        "raise_small": 29.231448800954364,
        "raise_big": 43.84717320143154
      },
      "0:1:OOP:0": {
        "fold": 25.074000000000005,
        "call": 9.670250257421834,
        "raise_small": 22.922500514843673,
        "raise_big": 36.17475077226551
      },
      "2:4:OOP:0": {
        "fold": -89.50589201814174,
        "call": 0.5147968118905002,
        "raise_small": 11.421154570873872,
        "raise_big": 22.327512329857235
      }
    },
    "strategy_sum": {
      "1:0:OOP:0": {
        "call": 3.1855243090742604,
        "fold": 1.070574705694862,
        "raise_big": 12.772759220462497,
        "raise_small": 7.9791417647683796
      },
      "2:0:OOP:0": {
        "call": 1.4649700861125616,
        "fold": 0.0,
        "raise_big": 8.801696580554106,
        "raise_small": 5.133333333333335
      },
      "2:1:OOP:0": {
        "fold": 0.0,
        "call": 0.678657473153834,
        "raise_small": 2.3309833255414905,
        "raise_big": 3.990359201304676
      },
      "1:0:IP:0": {
        "fold": 0.1662627435585821,
        "call": 0.7333408196107022,
        "raise_small": 1.9445790854804725,
        "raise_big": 3.155817351350243
      },
      "3:0:IP:0": {
        "fold": 0.0,
        "call": 0.0,
        "raise_small": 1.271009842748247,
        "raise_big": 3.728990157251753
      },
      "2:0:IP:0": {
        "fold": 0.0,
        "call": 0.012291385996208031,
        "raise_small": 3.2727397241900085,
        "raise_big": 7.7149688898137825
      },
      "0:0:OOP:0": {
        "fold": 4.3054626726392895,
        "call": 0.1415565065144549,
        "raise_small": 0.8981791091202365,
        "raise_big": 1.654801711726019
      },
      "1:1:OOP:0": {
        "fold": 0.0,
        "call": 0.8333333333333333,
        "raise_small": 1.666666666666667,
        "raise_big": 2.5
      },
      "0:1:OOP:0": {
        "fold": 2.0086098011799214,
        "call": 0.1884262378143043,
        "raise_small": 0.663796732940026,
        "raise_big": 1.1391672280657477
      },
      "2:4:OOP:0": {
        "fold": 0.0,
        "call": 0.18169132430806162,
        "raise_small": 0.980771020866325,
        "raise_big": 1.8375376548256135
      }
    },
    "visit_count": {
      "2:1:OOP:0": 7,
      "1:0:IP:0": 6,
      "3:0:IP:0": 5,
      "2:0:IP:0": 11,
      "1:0:OOP:0": 20,
      "2:0:OOP:0": 9,
      "0:0:OOP:0": 7,
      "1:1:OOP:0": 5,
      "0:1:OOP:0": 4,
      "2:4:OOP:0": 3
    }
  },
  "composable_behavior": null,
  "capture_stats": {
    "total_games": 113,
    "wins": 39,
    "losses": 74,
    "ties": 0,
    "win_rate": 0.34513274336283184,
    "total_energy_won": 994.7296917571377,
    "total_energy_lost": 1389.555862998723,
    "net_energy": -638.8632189080313,
    "roi": -5.653656804495852,
    "current_streak": -4,
    "best_streak": 6,
    "worst_streak": -15,
    "showdown_win_rate": 0.4090909090909091,
    "fold_rate": 0.4247787610619469,
    "best_hand_rank": 6,
    "avg_hand_rank": 0.831858407079646,
    "button_win_rate": 0.5945945945945946,
    "non_button_win_rate": 0.2236842105263158,
    "positional_advantage": 0.3709103840682788,
    "recent_win_rate": 0.4,
    "skill_trend": "stable"
  },
  "benchmark_result": null
}