{
  "metadata": {
    "solution_id": "9a2d4122_20251230_021543",
    "name": "Claude Opus-4.5 Champion",
    "description": "AI solution from Opus-4.5 evolved in tournament simulation",
    "author": "Opus-4.5",
    "submitted_at": "2025-12-30T02:15:43.052631",
    "version": "1.0.0",
    "generation": 21,
    "simulation_frames": 0,
    "fish_id": 697,
    "commit_sha": "6e7ba126d411f16d8e52fb1d63fa00960943410a",
    "branch": "claude/ai-solutions-tournament-JBREb"
  },
  "behavior_algorithm": {
    "type": "ComposableBehavior",
    "threat_response": 0,
    "food_approach": 4,
    "social_mode": 2,
    "poker_engagement": 0,
    "parameters": {
      "alignment_strength": 0.39193746571872556,
      "ambush_patience": 0.6924077423996062,
      "ambush_strike_distance": 51.48416217245432,
      "base_speed_multiplier": 0.5344561941111321,
      "burst_duration": 81.66155982493478,
      "burst_speed": 1.104112779291714,
      "circle_radius": 76.56758705882694,
      "circle_speed": 0.1261709185968094,
      "cohesion_strength": 0.47854378922151924,
      "energy_urgency_threshold": 0.48249890132965384,
      "erratic_amplitude": 0.377649552200655,
      "flee_speed": 0.8132389954936582,
      "flee_threshold": 137.67480889484222,
      "follow_distance": 51.289470246634906,
      "food_priority": 0.694439399686523,
      "freeze_distance": 61.543866106477374,
      "intercept_skill": 0.3867483865341157,
      "min_energy_for_poker": 0.278642735031831,
      "patrol_radius": 119.57386435360752,
      "poker_avoid_radius": 116.95197075240452,
      "poker_priority": 0.3712738429535966,
      "poker_seek_radius": 220.36592646226723,
      "pursuit_speed": 1.0370183591932391,
      "rest_duration": 87.73582364643102,
      "separation_distance": 36.614422333950046,
      "social_distance": 77.24807708964077,
      "social_priority": 0.36860894578403935,
      "stealth_speed": 0.3608667811896924,
      "threat_priority": 0.7068772083047699,
      "zigzag_amplitude": 0.6509482679988083,
      "zigzag_frequency": 0.044854491351299985
    }
  },
  "poker_strategy": {},
  "composable_behavior": null,
  "capture_stats": {
    "total_games": 173,
    "wins": 139,
    "losses": 33,
    "ties": 1,
    "win_rate": 0.8034682080924855,
    "total_energy_won": 3179.4562925620335,
    "total_energy_lost": 861.3055899505348,
    "net_energy": 1538.13465076253,
    "roi": 8.890951738511735,
    "current_streak": 35,
    "best_streak": 36,
    "worst_streak": -11,
    "showdown_win_rate": 0.22727272727272727,
    "fold_rate": 0.09826589595375723,
    "best_hand_rank": 5,
    "avg_hand_rank": 0.32947976878612717,
    "button_win_rate": 0.9379310344827586,
    "non_button_win_rate": 0.10714285714285714,
    "positional_advantage": 0.8307881773399015,
    "recent_win_rate": 1.0,
    "skill_trend": "improving"
  },
  "benchmark_result": {
    "per_opponent": {
      "always_fold": 145.75071111111112,
      "random": 545.7348389085864,
      "loose_passive": 23.348030337333032,
      "tight_passive": 113.93324444444444,
      "tight_aggressive": -15.335559388861508,
      "loose_aggressive": 3113.530475086906,
      "maniac": 2033.3146919431279,
      "balanced": -35.754272795779954
    },
    "weighted_bb_per_100": 654.3819751567072,
    "total_hands_played": 49357,
    "elo_rating": 1391.2657142338635,
    "confidence_intervals": {
      "always_fold": [
        142.75980692755672,
        148.7416152946655
      ],
      "random": [
        460.2451648558788,
        677.9417324375129
      ],
      "loose_passive": [
        4.4651912554281346,
        38.744397949111516
      ],
      "tight_passive": [
        90.19700510011432,
        137.66948378877456
      ],
      "tight_aggressive": [
        -63.143364765402204,
        66.2673110012266
      ],
      "loose_aggressive": [
        2380.3144266809186,
        4917.108258282822
      ],
      "maniac": [
        -604.8239159922446,
        5455.52810991771
      ],
      "balanced": [
        -171.77069519839273,
        0.502141697624424
      ]
    },
    "skill_tier": "intermediate",
    "evaluated_at": "2025-12-30T02:29:47.446194"
  }
}