{
  "metadata": {
    "solution_id": "9c5ef467_20251230_165305",
    "name": "Local Tank Best",
    "description": "Strategy from fish 1988",
    "author": "Aztek",
    "submitted_at": "2025-12-30T16:53:05.348752",
    "version": "1.0.0",
    "generation": 1884,
    "simulation_frames": 0,
    "fish_id": 1988,
    "commit_sha": "890028fc81ff46bbacd373e711f810240aa16adc",
    "branch": "master"
  },
  "behavior_algorithm": {
    "type": "ComposableBehavior",
    "threat_response": 0,
    "food_approach": 3,
    "social_mode": 0,
    "poker_engagement": 1,
    "parameters": {
      "alignment_strength": 0.3136008526388246,
      "ambush_patience": 0.7738147617226299,
      "ambush_strike_distance": 24.362375749111813,
      "base_speed_multiplier": 0.5,
      "burst_duration": 43.16473817193659,
      "burst_speed": 1.1737002166025507,
      "circle_radius": 37.311219761644566,
      "circle_speed": 0.12205468144056968,
      "cohesion_strength": 0.6037979647070714,
      "energy_urgency_threshold": 0.5216662667042057,
      "erratic_amplitude": 0.35903624803065814,
      "flee_speed": 1.2214196785582379,
      "flee_threshold": 143.95943595975774,
      "follow_distance": 24.24611358376931,
      "food_priority": 0.756516051090875,
      "freeze_distance": 66.52403014986335,
      "intercept_skill": 0.3157700804674177,
      "min_energy_for_poker": 0.4693781599356442,
      "patrol_radius": 129.88930028695688,
      "poker_avoid_radius": 134.12499031211058,
      "poker_priority": 0.2760635168254145,
      "poker_seek_radius": 158.22547222813677,
      "pursuit_speed": 1.1804151567806138,
      "rest_duration": 55.18002456240566,
      "separation_distance": 20.240794780182043,
      "social_distance": 52.27297354426382,
      "social_priority": 0.15043222602651057,
      "stealth_speed": 0.427037907684479,
      "threat_priority": 0.9397569407075435,
      "zigzag_amplitude": 0.49514999523374975,
      "zigzag_frequency": 0.02479904378022544
    }
  },
  "poker_strategy": {},
  "composable_behavior": null,
  "capture_stats": {
    "total_games": 66,
    "wins": 46,
    "losses": 20,
    "ties": 0,
    "win_rate": 0.696969696969697,
    "total_energy_won": 1138.3875243486325,
    "total_energy_lost": 866.8626091026314,
    "net_energy": -7.755710279130369,
    "roi": -0.1175107618050056,
    "current_streak": 6,
    "best_streak": 13,
    "worst_streak": -5,
    "showdown_win_rate": 0.6111111111111112,
    "fold_rate": 0.19696969696969696,
    "best_hand_rank": 3,
    "avg_hand_rank": 0.5909090909090909,
    "button_win_rate": 0.7719298245614035,
    "non_button_win_rate": 0.2222222222222222,
    "positional_advantage": 0.5497076023391813,
    "recent_win_rate": 0.8,
    "skill_trend": "improving"
  },
  "benchmark_result": {
    "per_opponent": {
      "always_fold": 155.65000000000003,
      "random": 450.1399000294032,
      "loose_passive": 69.82080080584235,
      "tight_passive": 111.55542500000001,
      "tight_aggressive": 6.084815211569363,
      "loose_aggressive": 2082.0298571428575,
      "balanced": 1.9088107007851136,
      "maniac": 1284.916918429003
    },
    "weighted_bb_per_100": 469.28640908066126,
    "total_hands_played": 23576,
    "elo_rating": 1518.086159890891,
    "confidence_intervals": {
      "always_fold": [
        149.56028143689895,
        161.73971856310106
      ],
      "random": [
        369.27990703967237,
        608.3217899287473
      ],
      "loose_passive": [
        40.873920831842085,
        96.98948375036817
      ],
      "tight_passive": [
        92.60141576084581,
        130.5094342391542
      ],
      "tight_aggressive": [
        -54.98707317436234,
        84.2287419386644
      ],
      "loose_aggressive": [
        1862.6258159519898,
        3185.015864643085
      ],
      "balanced": [
        -82.33633565087153,
        65.88318869201377
      ],
      "maniac": [
        -549.5918552090209,
        3037.27442658806
      ]
    },
    "skill_tier": "advanced",
    "evaluated_at": "2025-12-30T20:34:34.649615"
  }
}