{
  "metadata": {
    "solution_id": "9e4229f4_20251229_190007",
    "name": "Haiku-4.5 Poker Master",
    "description": "Haiku-4.5 poker strategy evolved from 75k frame simulation - 214 games played",
    "author": "Haiku-4.5",
    "submitted_at": "2025-12-29T19:00:07.108537",
    "version": "1.0.0",
    "generation": 24,
    "simulation_frames": 0,
    "fish_id": 1766,
    "commit_sha": "46d55af0624a82d0c80c0e56a484593ad688ca11",
    "branch": "claude/poker-strategy-challenge-uztgF"
  },
  "behavior_algorithm": {
    "type": "ComposableBehavior",
    "threat_response": 0,
    "food_approach": 1,
    "social_mode": 1,
    "poker_engagement": 2,
    "parameters": {
      "alignment_strength": 0.5280296809139864,
      "ambush_patience": 0.8834160893728196,
      "ambush_strike_distance": 35.69304065423557,
      "base_speed_multiplier": 0.5340005820712456,
      "burst_duration": 53.2004383240252,
      "burst_speed": 1.363106415068551,
      "circle_radius": 54.47749133044817,
      "circle_speed": 0.1237821953490488,
      "cohesion_strength": 0.4885598243653846,
      "energy_urgency_threshold": 0.3972164196554297,
      "erratic_amplitude": 0.7848923485549328,
      "flee_speed": 1.4615075686459829,
      "flee_threshold": 175.2487194405884,
      "follow_distance": 35.27777022002421,
      "food_priority": 0.8843006215492668,
      "freeze_distance": 81.18751659258271,
      "intercept_skill": 0.7474368710869282,
      "min_energy_for_poker": 0.500105358582806,
      "patrol_radius": 142.5905192373376,
      "poker_avoid_radius": 138.27933656177095,
      "poker_priority": 0.37187542408719465,
      "poker_seek_radius": 188.00605966990577,
      "pursuit_speed": 1.0820271460619766,
      "rest_duration": 81.10870200103037,
      "separation_distance": 37.5238280531456,
      "social_distance": 43.41192430686751,
      "social_priority": 0.13798984894755928,
      "stealth_speed": 0.25821935572611876,
      "threat_priority": 0.7452637620542272,
      "zigzag_amplitude": 0.9762954272217077,
      "zigzag_frequency": 0.039077541444315536
    }
  },
  "poker_strategy": {},
  "composable_behavior": null,
  "capture_stats": {
    "total_games": 214,
    "wins": 190,
    "losses": 24,
    "ties": 0,
    "win_rate": 0.8878504672897196,
    "total_energy_won": 4361.231249335515,
    "total_energy_lost": 469.7325533531993,
    "net_energy": 2821.557779271113,
    "roi": 13.184849435846322,
    "current_streak": 10,
    "best_streak": 76,
    "worst_streak": -7,
    "showdown_win_rate": 0.38461538461538464,
    "fold_rate": 0.07476635514018691,
    "best_hand_rank": 5,
    "avg_hand_rank": 0.2336448598130841,
    "button_win_rate": 0.968421052631579,
    "non_button_win_rate": 0.25,
    "positional_advantage": 0.718421052631579,
    "recent_win_rate": 1.0,
    "skill_trend": "improving"
  },
  "benchmark_result": {
    "per_opponent": {
      "always_fold": 167.70345000000003,
      "random": 731.9174624829468,
      "loose_passive": 2.5235749999999997,
      "tight_passive": 102.63445442875481,
      "tight_aggressive": -31.04165341812402,
      "loose_aggressive": 2252.407301401869,
      "maniac": 4463.397723823976,
      "balanced": 171.1965057348626
    },
    "weighted_bb_per_100": 750.5386610056396,
    "total_hands_played": 25454,
    "elo_rating": 1361.1418436934098,
    "confidence_intervals": {
      "always_fold": [
        159.97672489747814,
        175.43017510252187
      ],
      "random": [
        482.73130526117137,
        1088.0784076735772
      ],
      "loose_passive": [
        -8.25363152942857,
        13.300781529428573
      ],
      "tight_passive": [
        39.09014952152055,
        152.32883861407268
      ],
      "tight_aggressive": [
        -237.03589278216702,
        153.598525070481
      ],
      "loose_aggressive": [
        1784.879114659467,
        3023.093733796689
      ],
      "maniac": [
        -424.51715920629476,
        5725.2610991705915
      ],
      "balanced": [
        8.124704427992043,
        292.98660741571985
      ]
    },
    "skill_tier": "intermediate",
    "evaluated_at": "2025-12-29T19:00:47.500089"
  }
}