{
  "metadata": {
    "solution_id": "a13833f1_20251229_182252",
    "name": "Opus-4.5 Poker Champion",
    "description": "First poker solution from Opus-4.5 - 67 games played",
    "author": "Opus-4.5",
    "submitted_at": "2025-12-29T18:22:52.474091",
    "version": "1.0.0",
    "generation": 0,
    "simulation_frames": 0,
    "fish_id": 1,
    "commit_sha": "b387676687323dc904c9c69a676fae03f29b48f2",
    "branch": "claude/poker-strategy-solution-4k11S"
  },
  "behavior_algorithm": {
    "type": "ComposableBehavior",
    "threat_response": 3,
    "food_approach": 1,
    "social_mode": 1,
    "poker_engagement": 2,
    "parameters": {
      "flee_speed": 0.9523906288899224,
      "flee_threshold": 85.84832920072994,
      "stealth_speed": 0.42072115363671303,
      "freeze_distance": 43.65745428859095,
      "erratic_amplitude": 0.4568024048848646,
      "pursuit_speed": 0.9250711686319768,
      "intercept_skill": 0.5860731102653609,
      "circle_radius": 75.96935654160376,
      "circle_speed": 0.10311261352705413,
      "ambush_patience": 0.5284397898643423,
      "ambush_strike_distance": 40.31313987973674,
      "zigzag_amplitude": 0.9108055272064729,
      "zigzag_frequency": 0.02411127996222754,
      "patrol_radius": 66.11647770381815,
      "base_speed_multiplier": 0.9309096009850647,
      "burst_speed": 1.261510220527311,
      "burst_duration": 86.49576763374536,
      "rest_duration": 74.1805246082911,
      "energy_urgency_threshold": 0.4736757172521632,
      "social_distance": 31.98708311445322,
      "cohesion_strength": 0.34099170274743773,
      "alignment_strength": 0.46294926578900897,
      "separation_distance": 29.130673096102235,
      "follow_distance": 32.654793839069086,
      "poker_seek_radius": 111.29188347243594,
      "poker_avoid_radius": 120.27533772928463,
      "min_energy_for_poker": 0.3942551588386728,
      "threat_priority": 0.7062458050125415,
      "food_priority": 0.5588952269573554,
      "social_priority": 0.3582003155350598,
      "poker_priority": 0.328612286285226
    }
  },
  "poker_strategy": {},
  "composable_behavior": null,
  "capture_stats": {
    "total_games": 67,
    "wins": 29,
    "losses": 38,
    "ties": 0,
    "win_rate": 0.43283582089552236,
    "total_energy_won": 419.2982871153366,
    "total_energy_lost": 195.67622528522148,
    "net_energy": 120.75560783046217,
    "roi": 1.802322504932271,
    "current_streak": 3,
    "best_streak": 13,
    "worst_streak": -11,
    "showdown_win_rate": 1.0,
    "fold_rate": 0.5671641791044776,
    "best_hand_rank": 3,
    "avg_hand_rank": 0.13432835820895522,
    "button_win_rate": 0.43283582089552236,
    "non_button_win_rate": 0.0,
    "positional_advantage": 0.43283582089552236,
    "recent_win_rate": 0.6,
    "skill_trend": "improving"
  },
  "benchmark_result": {
    "per_opponent": {
      "always_fold": 157.44520000000003,
      "random": 396.1113247863248,
      "loose_passive": -231.18290000000005,
      "balanced": 0.2798807749627316
    },
    "weighted_bb_per_100": 80.6633763903219,
    "total_hands_played": 3607,
    "elo_rating": 1199.9329132768373,
    "confidence_intervals": {
      "always_fold": [
        143.16994165428088,
        171.72045834571912
      ],
      "random": [
        298.64457769398587,
        513.3752105413082
      ],
      "loose_passive": [
        -243.35726813946152,
        -219.00853186053845
      ],
      "balanced": [
        -394.2409826492972,
        294.33901070764176
      ]
    },
    "skill_tier": "beginner",
    "evaluated_at": "2025-12-29T18:22:58.171967"
  }
}