{
  "solution_ids": [
    "a13833f1_20251229_182252",
    "9e4229f4_20251229_190007",
    "603bca97_20251229_182751",
    "3c8ae847_20251229_191554",
    "133de727_20251229_173918",
    "802f6384_20251229_213007",
    "603bca97_20251229_185408",
    "c7812960_20251229_190850",
    "0953378d_20251229_191701"
  ],
  "rankings": {
    "802f6384_20251229_213007": 1,
    "603bca97_20251229_185408": 2,
    "603bca97_20251229_182751": 3,
    "9e4229f4_20251229_190007": 4,
    "0953378d_20251229_191701": 5,
    "c7812960_20251229_190850": 6,
    "133de727_20251229_173918": 7,
    "3c8ae847_20251229_191554": 8,
    "a13833f1_20251229_182252": 9
  },
  "head_to_head": {
    "a13833f1_20251229_182252": {
      "9e4229f4_20251229_190007": 1.0,
      "603bca97_20251229_182751": 1.0,
      "3c8ae847_20251229_191554": 1.0,
      "133de727_20251229_173918": 0.33801989528795806,
      "802f6384_20251229_213007": 0.8298277108433736,
      "603bca97_20251229_185408": 0.7368936117936118,
      "c7812960_20251229_190850": 1.0,
      "0953378d_20251229_191701": 1.0
    },
    "9e4229f4_20251229_190007": {
      "a13833f1_20251229_182252": 0.0,
      "603bca97_20251229_182751": 0.5280128,
      "3c8ae847_20251229_191554": 0.4626220043572985,
      "133de727_20251229_173918": 0.7112730279898218,
      "802f6384_20251229_213007": 0.718791,
      "603bca97_20251229_185408": 0.5298978,
      "c7812960_20251229_190850": 0.3360326241134751,
      "0953378d_20251229_191701": 0.40720820105820105
    },
    "603bca97_20251229_182751": {
      "a13833f1_20251229_182252": 0.0,
      "9e4229f4_20251229_190007": 0.47198720000000005,
      "3c8ae847_20251229_191554": 0.77466146179402,
      "133de727_20251229_173918": 0.24084681818181813,
      "802f6384_20251229_213007": 0.7163853828306265,
      "603bca97_20251229_185408": 0.6431914,
      "c7812960_20251229_190850": 0.5967268,
      "0953378d_20251229_191701": 0.8184618000000001
    },
    "3c8ae847_20251229_191554": {
      "a13833f1_20251229_182252": 0.0,
      "9e4229f4_20251229_190007": 0.5373779956427015,
      "603bca97_20251229_182751": 0.22533853820598004,
      "133de727_20251229_173918": 1.0,
      "802f6384_20251229_213007": 1.0,
      "603bca97_20251229_185408": 0.5169278301886793,
      "c7812960_20251229_190850": 0.524594,
      "0953378d_20251229_191701": 0.41743952095808384
    },
    "133de727_20251229_173918": {
      "a13833f1_20251229_182252": 0.6619801047120419,
      "9e4229f4_20251229_190007": 0.28872697201017816,
      "603bca97_20251229_182751": 0.7591531818181818,
      "3c8ae847_20251229_191554": 0.0,
      "802f6384_20251229_213007": 0.9830980769230769,
      "603bca97_20251229_185408": 0.653828045325779,
      "c7812960_20251229_190850": 0.6561914,
      "0953378d_20251229_191701": 0.5020758
    },
    "802f6384_20251229_213007": {
      "a13833f1_20251229_182252": 0.1701722891566264,
      "9e4229f4_20251229_190007": 0.28120900000000004,
      "603bca97_20251229_182751": 0.28361461716937353,
      "3c8ae847_20251229_191554": 0.0,
      "133de727_20251229_173918": 0.016901923076923064,
      "603bca97_20251229_185408": 0.1309905405405405,
      "c7812960_20251229_190850": 1.0,
      "0953378d_20251229_191701": 0.6545558
    },
    "603bca97_20251229_185408": {
      "a13833f1_20251229_182252": 0.2631063882063882,
      "9e4229f4_20251229_190007": 0.4701022,
      "603bca97_20251229_182751": 0.35680860000000003,
      "3c8ae847_20251229_191554": 0.48307216981132073,
      "133de727_20251229_173918": 0.346171954674221,
      "802f6384_20251229_213007": 0.8690094594594595,
      "c7812960_20251229_190850": 0.33279815950920244,
      "0953378d_20251229_191701": 0.5727646
    },
    "c7812960_20251229_190850": {
      "a13833f1_20251229_182252": 0.0,
      "9e4229f4_20251229_190007": 0.6639673758865249,
      "603bca97_20251229_182751": 0.4032732,
      "3c8ae847_20251229_191554": 0.475406,
      "133de727_20251229_173918": 0.3438086,
      "802f6384_20251229_213007": 0.0,
      "603bca97_20251229_185408": 0.6672018404907976,
      "0953378d_20251229_191701": 0.5967546
    },
    "0953378d_20251229_191701": {
      "a13833f1_20251229_182252": 0.0,
      "9e4229f4_20251229_190007": 0.592791798941799,
      "603bca97_20251229_182751": 0.18153819999999987,
      "3c8ae847_20251229_191554": 0.5825604790419161,
      "133de727_20251229_173918": 0.49792420000000004,
      "802f6384_20251229_213007": 0.3454442,
      "603bca97_20251229_185408": 0.42723540000000004,
      "c7812960_20251229_190850": 0.4032454
    }
  },