{
  "solution_ids": [
    "a13833f1_20251229_182252",
    "603bca97_20251229_182751",
    "133de727_20251229_173918"
  ],
  "rankings": {
    "603bca97_20251229_182751": 1,
    "133de727_20251229_173918": 2,
    "a13833f1_20251229_182252": 3
  },
  "head_to_head": {
    "a13833f1_20251229_182252": {
      "603bca97_20251229_182751": 0.928188,
      "133de727_20251229_173918": 1.0
    },
    "603bca97_20251229_182751": {
      "a13833f1_20251229_182252": 0.07181199999999999,
      "133de727_20251229_173918": 0.3407196
    },
    "133de727_20251229_173918": {
      "a13833f1_20251229_182252": 0.0,
      "603bca97_20251229_182751": 0.6592804
    }
  },
  "significant_differences": [
    [
      "a13833f1_20251229_182252",
      "603bca97_20251229_182751",
      -603.2294009893476
    ],
    [
      "a13833f1_20251229_182252",
      "133de727_20251229_173918",
      -21.056967316375577
    ],
    [
      "603bca97_20251229_182751",
      "133de727_20251229_173918",
      582.172433672972
    ]
  ],
  "compared_at": "2025-12-29T18:28:42.189623"
}