{
  "solution_ids": [
    "a13833f1_20251229_182252",
    "9e4229f4_20251229_190007",
    "603bca97_20251229_182751",
    "3c8ae847_20251229_191554",
    "ebdd0fb5_20251229_223153",
    "133de727_20251229_173918",
    "802f6384_20251229_213007",
    "603bca97_20251229_185408",
    "c7812960_20251229_190850",
    "0953378d_20251229_191701"
  ],
  "rankings": {
    "ebdd0fb5_20251229_223153": 1,
    "802f6384_20251229_213007": 2,
    "603bca97_20251229_185408": 3,
    "603bca97_20251229_182751": 4,
    "9e4229f4_20251229_190007": 5,
    "0953378d_20251229_191701": 6,
    "c7812960_20251229_190850": 7,
    "133de727_20251229_173918": 8,
    "3c8ae847_20251229_191554": 9,
    "a13833f1_20251229_182252": 10
  },
  "head_to_head": {
    "a13833f1_20251229_182252": {
      "9e4229f4_20251229_190007": 0.7468294520547945,
      "603bca97_20251229_182751": 0.9875707142857144,
      "3c8ae847_20251229_191554": 0.8534110638297872,
      "ebdd0fb5_20251229_223153": 1.0,
      "133de727_20251229_173918": 0.3272396551724138,
      "802f6384_20251229_213007": 0.6961342391304348,
      "603bca97_20251229_185408": 0.5457324,
      "c7812960_20251229_190850": 0.7037629629629629,
      "0953378d_20251229_191701": 0.7583638
    },
    "9e4229f4_20251229_190007": {
      "a13833f1_20251229_182252": 0.25317054794520555,
      "603bca97_20251229_182751": 0.7396362352941176,
      "3c8ae847_20251229_191554": 1.0,
      "ebdd0fb5_20251229_223153": 0.7515844117647059,
      "133de727_20251229_173918": 0.8377575757575758,
      "802f6384_20251229_213007": 0.3827816393442623,
      "603bca97_20251229_185408": 0.8697926829268293,
      "c7812960_20251229_190850": 0.2295442105263158,
      "0953378d_20251229_191701": 0.8816408450704225
    },
    "603bca97_20251229_182751": {
      "a13833f1_20251229_182252": 0.012429285714285587,
      "9e4229f4_20251229_190007": 0.2603637647058824,
      "3c8ae847_20251229_191554": 0.9924924914675768,
      "ebdd0fb5_20251229_223153": 0.7411668,
      "133de727_20251229_173918": 1.0,
      "802f6384_20251229_213007": 0.5693352,
      "603bca97_20251229_185408": 0.5784606860158312,
      "c7812960_20251229_190850": 0.41236378830083564,
      "0953378d_20251229_191701": 0.6150446
    },
    "3c8ae847_20251229_191554": {
      "a13833f1_20251229_182252": 0.14658893617021285,
      "9e4229f4_20251229_190007": 0.0,
      "603bca97_20251229_182751": 0.007507508532423213,
      "ebdd0fb5_20251229_223153": 0.927311038961039,
      "133de727_20251229_173918": 0.9290395705521473,
      "802f6384_20251229_213007": 0.7900154929577465,
      "603bca97_20251229_185408": 0.6536956,
      "c7812960_20251229_190850": 0.2976973214285714,
      "0953378d_20251229_191701": 0.4431267175572519
    },
    "ebdd0fb5_20251229_223153": {
      "a13833f1_20251229_182252": 0.0,
      "9e4229f4_20251229_190007": 0.24841558823529408,
      "603bca97_20251229_182751": 0.2588332,
      "3c8ae847_20251229_191554": 0.07268896103896105,
      "133de727_20251229_173918": 0.6283000000000001,
      "802f6384_20251229_213007": 0.8092766990291262,
      "603bca97_20251229_185408": 0.490473125,
      "c7812960_20251229_190850": 0.6680404,
      "0953378d_20251229_191701": 1.0
    },
    "133de727_20251229_173918": {
      "a13833f1_20251229_182252": 0.6727603448275862,
      "9e4229f4_20251229_190007": 0.1622424242424242,
      "603bca97_20251229_182751": 0.0,
      "3c8ae847_20251229_191554": 0.07096042944785275,
      "ebdd0fb5_20251229_223153": 0.3716999999999999,
      "802f6384_20251229_213007": 0.3036541832669323,
      "603bca97_20251229_185408": 0.4573784,
      "c7812960_20251229_190850": 1.0,
      "0953378d_20251229_191701": 1.0
    },
    "802f6384_20251229_213007": {
      "a13833f1_20251229_182252": 0.3038657608695652,
      "9e4229f4_20251229_190007": 0.6172183606557378,
      "603bca97_20251229_182751": 0.43066479999999996,
      "3c8ae847_20251229_191554": 0.20998450704225347,
      "ebdd0fb5_20251229_223153": 0.19072330097087375,
      "133de727_20251229_173918": 0.6963458167330677,
      "603bca97_20251229_185408": 0.308833,
      "c7812960_20251229_190850": 0.8124855072463768,
      "0953378d_20251229_191701": 1.0
    },
    "603bca97_20251229_185408": {
      "a13833f1_20251229_182252": 0.4542676,
      "9e4229f4_20251229_190007": 0.13020731707317068,
      "603bca97_20251229_182751": 0.4215393139841688,
      "3c8ae847_20251229_191554": 0.34630439999999996,
      "ebdd0fb5_20251229_223153": 0.5095268749999999,
      "133de727_20251229_173918": 0.5426215999999999,
      "802f6384_20251229_213007": 0.691167,
      "c7812960_20251229_190850": 0.6434234,
      "0953378d_20251229_191701": 1.0
    },
    "c7812960_20251229_190850": {
      "a13833f1_20251229_182252": 0.2962370370370371,
      "9e4229f4_20251229_190007": 0.7704557894736842,
      "603bca97_20251229_182751": 0.5876362116991644,
      "3c8ae847_20251229_191554": 0.7023026785714286,
      "ebdd0fb5_20251229_223153": 0.3319596,
      "133de727_20251229_173918": 0.0,
      "802f6384_20251229_213007": 0.1875144927536232,
      "603bca97_20251229_185408": 0.3565766,
      "0953378d_20251229_191701": 0.20550687500000003
    },
    "0953378d_20251229_191701": {
      "a13833f1_20251229_182252": 0.24163619999999997,
      "9e4229f4_20251229_190007": 0.11835915492957749,
      "603bca97_20251229_182751": 0.38495539999999995,
      "3c8ae847_20251229_191554": 0.556873282442748,
      "ebdd0fb5_20251229_223153": 0.0,
      "133de727_20251229_173918": 0.0,
      "802f6384_20251229_213007": 0.0,
      "603bca97_20251229_185408": 0.0,
      "c7812960_20251229_190850": 0.794493125
    }
  },