{
  "metadata": {
    "solution_id": "d926087b_20260103_195809",
    "name": "Gemini 3 Pro High Roller",
    "description": "Gemini 3 Pro evolved strategy - 108 games, seed 99999, 150000 frames",
    "author": "Gemini 3 Pro",
    "submitted_at": "2026-01-03T19:58:09.731670",
    "version": "1.0.0",
    "generation": 164,
    "simulation_frames": 0,
    "fish_id": 3593,
    "commit_sha": "873acd59df7c225b05bc32450ed883f9d691919d",
    "branch": "master"
  },
  "behavior_algorithm": {
    "type": "ComposableBehavior",
    "threat_response": 3,
    "food_approach": 2,
    "social_mode": 1,
    "poker_engagement": 2,
    "parameters": {
      "alignment_strength": 0.3864207433428169,
      "ambush_patience": 0.7234691188703192,
      "ambush_strike_distance": 45.259712031097465,
      "base_speed_multiplier": 0.5182082290055369,
      "burst_duration": 83.050375639179,
      "burst_speed": 1.1382059580952,
      "circle_radius": 63.42679429427865,
      "circle_speed": 0.05,
      "cohesion_strength": 0.7682019425007725,
      "energy_urgency_threshold": 0.32147822050477126,
      "erratic_amplitude": 0.6359154758464233,
      "flee_speed": 1.3658179704270397,
      "flee_threshold": 177.81010523633145,
      "follow_distance": 29.444139131647425,
      "food_priority": 0.95,
      "freeze_distance": 89.92776095466567,
      "intercept_skill": 0.7066815677158074,
      "min_energy_for_poker": 0.4558469623798762,
      "patrol_radius": 64.5425217046002,
      "poker_avoid_radius": 79.711125980352,
      "poker_priority": 0.7447201729385555,
      "poker_seek_radius": 225.77309207487147,
      "pursuit_speed": 0.9095406388247875,
      "rest_duration": 40.0,
      "separation_distance": 34.37364230709141,
      "social_distance": 67.56334470141118,
      "social_priority": 0.12843138722692252,
      "stealth_speed": 0.23953275385767567,
      "threat_priority": 0.8385258773104292,
      "zigzag_amplitude": 0.6062193210456674,
      "zigzag_frequency": 0.03195141361386766
    }
  },
  "poker_strategy": {
    "type": "ComposablePokerStrategy",
    "strategy_id": "composable",
    "hand_selection": 2,
    "betting_style": 3,
    "bluffing_approach": 2,
    "position_awareness": 0,
    "showdown_tendency": 2,
    "parameters": {
      "bluff_frequency": 0.330691547565123,
      "bluff_sizing": 0.8859651951755153,
      "continuation_bet_freq": 0.6502267901160647,
      "desperation_threshold": 0.16906015087025894,
      "ip_aggression_boost": 0.18042837886439186,
      "oop_tightening": 0.05578977727733373,
      "opponent_model_weight": 0.040700506981870554,
      "playable_threshold": 0.27056114210552273,
      "position_range_expand": 0.19931757656164603,
      "pot_odds_sensitivity": 1.2688396114088396,
      "premium_threshold": 0.8193781014543775,
      "risk_tolerance": 0.55,
      "semibluff_threshold": 0.32523642434840383,
      "value_bet_sizing": 1.014116208372125
    },
    "learning_rate": 1.0,
    "regret": {
      "0:0:IP:0": {
        "call": 0.9318588033260571,
        "fold": -146.24855316341336,
        "raise_big": 14.913541196673936,
        "raise_small": 7.922700000000002
      },
      "0:0:OOP:0": {
        "call": 8.99295550385187,
        "fold": -30.475140136547218,
        "raise_big": 57.318310016457325,
        "raise_small": 33.1556327601546
      },
      "1:0:IP:0": {
        "call": 5.988299710634929,
        "fold": -184.1868652953983,
        "raise_big": 35.782704113578376,
        "raise_small": 20.88550191210666
      },
      "1:0:OOP:0": {
        "call": 17.647022375814213,
        "fold": -262.1247709837967,
        "raise_big": 86.05487418786059,
        "raise_small": 51.85094828183743
      },
      "1:4:IP:0": {
        "call": 4.863530755345948,
        "fold": 208.40146182905306,
        "raise_big": 153.52490015207317,
        "raise_small": 79.19421545370957
      },
      "2:0:OOP:0": {
        "call": 23.073381936878054,
        "fold": -193.0403060721835,
        "raise_big": 89.15041806312192,
        "raise_small": 56.11190000000001
      },
      "2:2:OOP:0": {
        "call": -21.097756304315244,
        "fold": -570.6924725802369,
        "raise_big": 28.297756304315236,
        "raise_small": 3.6000000000000005
      },
      "2:1:OOP:0": {
        "fold": -61.705800000000025,
        "call": 10.913319999999995,
        "raise_small": 26.00224,
        "raise_big": 41.09116
      },
      "2:4:OOP:0": {
        "fold": -161.12689303997402,
        "call": -2.7985151180460335,
        "raise_small": 40.04754254620441,
        "raise_big": 82.89360021045476
      },
      "0:1:IP:0": {
        "fold": -144.08285656000004,
        "call": 7.854795067655825,
        "raise_small": 21.668364055311667,
        "raise_big": 35.4819330429675
      },
      "2:0:IP:0": {
        "fold": -153.43102052716176,
        "call": 6.834626495530971,
        "raise_small": 22.245400000000004,
        "raise_big": 37.656173504469024
      },
      "0:1:OOP:0": {
        "fold": 0.0,
        "call": 37.3166259144059,
        "raise_small": 74.63325182881181,
        "raise_big": 111.94987774321771
      },
      "0:4:IP:0": {
        "fold": 121.75262707004438,
        "call": -12.031752309904036,
        "raise_small": 40.76214060562581,
        "raise_big": 93.55603352115565
      },
      "1:4:OOP:0": {
        "fold": -1320.2660505845015,
        "call": -48.71644054598852,
        "raise_small": 7.2,
        "raise_big": 63.11644054598841
      },
      "3:1:IP:0": {
        "fold": -152.92352272584523,
        "call": 2.1663623958626994,
        "raise_small": 5.922700000000002,
        "raise_big": 9.6790376041373
      },
      "0:2:IP:0": {
        "fold": -507.5408219838059,
        "call": -5.553800477074734,
        "raise_small": 31.036468688291528,
        "raise_big": 67.62673785365777
      },
      "0:4:OOP:0": {
        "fold": -423.97899872320124,
        "call": -6.443101467893692,
        "raise_small": 54.77419114290002,
        "raise_big": 115.99148375369373
      },
      "1:1:OOP:0": {
        "fold": -382.2769999768235,
        "call": -3.0638896694997397,
        "raise_small": 19.528000000000002,
        "raise_big": 42.11988966949971
      },
      "2:4:IP:0": {
        "fold": 0.0,
        "call": 25.56943664286476,
        "raise_small": 51.13887328572953,
        "raise_big": 76.70830992859428
      }
    },
    "strategy_sum": {
      "0:0:IP:0": {
        "call": 0.23979774304152968,
        "fold": 0.0,
        "raise_big": 4.8268689236251365,
        "raise_small": 1.333333333333334
      },
      "0:0:OOP:0": {
        "call": 1.5561684304821841,
        "fold": 0.0,
        "raise_big": 6.043831569517816,
        "raise_small": 3.800000000000001
      },
      "1:0:IP:0": {
        "call": 1.096147065158353,
        "fold": 0.0,
        "raise_big": 5.4371862681749805,
        "raise_small": 3.266666666666668
      },
      "1:0:OOP:0": {
        "call": 1.1704185869562043,
        "fold": 0.0,
        "raise_big": 11.352030060400836,
        "raise_small": 5.277551352642961
      },
      "1:4:IP:0": {
        "call": 0.010905166049710419,
        "fold": 4.58809948390628,
        "raise_big": 1.2664705089534907,
        "raise_small": 0.33452484109051867
      },
      "2:0:OOP:0": {
        "call": 2.227416352256063,
        "fold": 0.0,
        "raise_big": 8.572583647743935,
        "raise_small": 5.4
      },
      "2:2:OOP:0": {
        "call": 0.0,
        "fold": 0.0,
        "raise_big": 6.287139397340215,
        "raise_small": 0.11286060265978583
      },
      "2:1:OOP:0": {
        "fold": 0.0,
        "call": 0.47323563918595724,
        "raise_small": 1.0,
        "raise_big": 1.5267643608140427
      },
      "2:4:OOP:0": {
        "fold": 0.7000000000000001,
        "call": 0.0,
        "raise_small": 0.9244553373004856,
        "raise_big": 2.3755446626995145
      },
      "0:1:IP:0": {
        "fold": 0.0,
        "call": 0.5174296050069273,