{
  "metadata": {
    "solution_id": "e95f5f50_20251230_191527",
    "name": "Sonnet-4.5 Balanced Champion",
    "description": "Improved Sonnet-4.5 with positional balance - 100 games, seed 22222, 150000 frames",
    "author": "claude-sonnet-4-5-20250929",
    "submitted_at": "2025-12-30T19:15:27.574018",
    "version": "1.0.0",
    "generation": 167,
    "simulation_frames": 0,
    "fish_id": 4365,
    "commit_sha": "efbc4152e835f1bb286d8220fbc27de4ac7638ba",
    "branch": "master"
  },
  "behavior_algorithm": {
    "type": "ComposableBehavior",
    "threat_response": 1,
    "food_approach": 5,
    "social_mode": 3,
    "poker_engagement": 3,
    "parameters": {
      "alignment_strength": 0.5160730581785716,
      "ambush_patience": 0.8986886189742078,
      "ambush_strike_distance": 28.342527076802412,
      "base_speed_multiplier": 0.5459497412858666,
      "burst_duration": 54.47115836584527,
      "burst_speed": 1.1439755086016121,
      "circle_radius": 79.73291963729648,
      "circle_speed": 0.08057292759654754,
      "cohesion_strength": 0.42770888668264373,
      "energy_urgency_threshold": 0.3797301053413564,
      "erratic_amplitude": 0.3818493999402922,
      "flee_speed": 1.3088950788329792,
      "flee_threshold": 144.793878435977,
      "follow_distance": 28.760539928294428,
      "food_priority": 0.7328706236432365,
      "freeze_distance": 47.87386382305391,
      "intercept_skill": 0.8311649361724356,
      "min_energy_for_poker": 0.5,
      "patrol_radius": 108.39464013984494,
      "poker_avoid_radius": 82.32936867189248,
      "poker_priority": 0.20158858932008228,
      "poker_seek_radius": 155.9470033927165,
      "pursuit_speed": 1.293282418160966,
      "rest_duration": 97.14612200225429,
      "separation_distance": 26.31424452100637,
      "social_distance": 74.62357563695909,
      "social_priority": 0.5,
      "stealth_speed": 0.35928550372706836,
      "threat_priority": 0.8582201013093167,
      "zigzag_amplitude": 0.8367820051426446,
      "zigzag_frequency": 0.05933568218633357
    }
  },
  "poker_strategy": {
    "type": "ComposablePokerStrategy",
    "strategy_id": "composable",
    "hand_selection": 3,
    "betting_style": 1,
    "bluffing_approach": 0,
    "position_awareness": 0,
    "showdown_tendency": 2,
    "parameters": {
      "bluff_frequency": 0.05,
      "bluff_sizing": 0.6745837296433141,
      "continuation_bet_freq": 0.85,
      "desperation_threshold": 0.2584312572679001,
      "ip_aggression_boost": 0.15129608895173954,
      "oop_tightening": 0.20946496794633535,
      "opponent_model_weight": 0.32751583840597553,
      "playable_threshold": 0.24519686556059728,
      "position_range_expand": 0.12181584267495305,
      "pot_odds_sensitivity": 0.900053660496938,
      "premium_threshold": 0.7927965505961359,
      "risk_tolerance": 0.4429212439773673,
      "semibluff_threshold": 0.2245795179681696,
      "value_bet_sizing": 0.7858442613804879
    },
    "learning_rate": 1.0,
    "regret": {
      "1:3:OOP:0": {
        "call": 3.82978981202372,
        "fold": -84.5960604523376,
        "raise_big": 22.167687726642534,
        "raise_small": 12.99873876933313
      },
      "1:2:OOP:0": {
        "fold": -0.24459974690561737,
        "call": 5.199999999999999,
        "raise_small": 14.757385750442056,
        "raise_big": 24.31477150088411
      },
      "2:1:OOP:0": {
        "fold": -321.55152703323006,
        "call": -2.087800000000003,
        "raise_small": 10.67763382220849,
        "raise_big": 23.443067644416953
      },
      "0:1:OOP:0": {
        "fold": 27.299999999999997,
        "call": 6.199999999999999,
        "raise_small": 16.299999999999997,
        "raise_big": 26.400000000000002
      },
      "1:1:OOP:0": {
        "fold": -90.08537527620504,
        "call": 1.0,
        "raise_small": 10.888274960542143,
        "raise_big": 20.77654992108427
      },
      "2:0:OOP:0": {
        "fold": -30.06064184332579,
        "call": 2.5999999999999996,
        "raise_small": 8.78294408361191,
        "raise_big": 14.965888167223817
      },
      "2:0:IP:0": {
        "fold": -85.459,
        "call": 0.0,
        "raise_small": 5.555900000000005,
        "raise_big": 11.111799999999999
      },
      "0:0:OOP:0": {
        "fold": 9.1,
        "call": 6.142684715179519,
        "raise_small": 13.585369430359039,
        "raise_big": 21.02805414553856
      },
      "0:0:IP:0": {
        "fold": 5.893113251395982,
        "call": 3.5999999999999996,
        "raise_small": 8.041873321627998,
        "raise_big": 12.483746643255994
      },
      "2:2:OOP:0": {
        "fold": -240.41705760584793,
        "call": -4.266839307760527,
        "raise_small": 5.3596010333024715,
        "raise_big": 14.98604137436546
      },
      "2:4:OOP:0": {
        "fold": -201.75224472681506,
        "call": -4.502268661906777,
        "raise_small": 28.706543228366456,
        "raise_big": 61.91535511863964
      },
      "4:4:OOP:0": {
        "fold": 0.0,
        "call": 47.073804186757215,
        "raise_small": 94.14760837351446,
        "raise_big": 141.22141256027166
      },
      "1:4:OOP:0": {
        "fold": 65.9079995151954,
        "call": 5.199999999999999,
        "raise_small": 19.815428502170768,
        "raise_big": 34.43085700434154
      },
      "2:3:OOP:0": {
        "fold": 59.40188445443437,
        "call": -3.21774359643336,
        "raise_small": 8.699346125119167,
        "raise_big": 20.616435846671703
      },
      "1:0:IP:0": {
        "fold": -8.727336384903293,
        "call": -0.4461354068727825,
        "raise_small": 9.813251886155873,
        "raise_big": 20.072639179184524
      }
    },
    "strategy_sum": {
      "1:3:OOP:0": {
        "call": 0.33226252940980766,
        "fold": 0.34475210226969333,
        "raise_big": 1.9179027357437302,
        "raise_small": 1.125082632576769
      },
      "1:2:OOP:0": {
        "fold": 0.0,
        "call": 0.4077209648101735,
        "raise_small": 1.333333333333334,
        "raise_big": 2.258945701856493
      },
      "2:1:OOP:0": {
        "fold": 0.0,
        "call": 0.0,
        "raise_small": 2.37622753294625,
        "raise_big": 5.623772467053751
      },
      "0:1:OOP:0": {
        "fold": 1.454121487563675,
        "call": 0.653780598199125,
        "raise_small": 1.515292837478775,
        "raise_big": 2.3768050767584255
      },
      "1:1:OOP:0": {
        "fold": 0.0,
        "call": 0.06406471639946595,
        "raise_small": 2.000000000000001,
        "raise_big": 3.935935283600533
      },
      "2:0:OOP:0": {
        "fold": 0.7000000000000002,
        "call": 0.33349877630834723,
        "raise_small": 1.4333333333333338,
        "raise_big": 2.533167890358319
      },
      "2:0:IP:0": {
        "fold": 0.0,
        "call": 0.0,
        "raise_small": 1.6666666666666679,
        "raise_big": 3.333333333333332
      },
      "0:0:OOP:0": {
        "fold": 0.18252527748197006,
        "call": 0.6232082672661975,
        "raise_small": 1.2724915741726766,
        "raise_big": 1.9217748810791557
      },
      "0:0:IP:0": {
        "fold": 0.605026796352707,
        "call": 0.3559460008684031,
        "raise_small": 0.7983244012157643,
        "raise_big": 1.2407028015631254
      },
      "2:2:OOP:0": {
        "fold": 0.0,
        "call": 0.0,
        "raise_small": 1.1782112180724194,
        "raise_big": 2.8217887819275806
      },
      "2:4:OOP:0": {
        "fold": 2.336388435859855,
        "call": 0.017647665974641836,
        "raise_small": 1.1743548650120068,
        "raise_big": 2.471609033153497
      },
      "4:4:OOP:0": {
        "fold": 0.0,
        "call": 0.4999999999999999,
        "raise_small": 1.0000000000000002,
        "raise_big": 1.5
      },
      "1:4:OOP:0": {
        "fold": 0.5257738058478181,
        "call": 0.37481576051242427,
        "raise_small": 0.824742064717394,
        "raise_big": 1.2746683689223637
      },