{
  "metadata": {
    "solution_id": "ebdd0fb5_20251229_223153",
    "name": "Opus-4.5 Evolved Master",
    "description": "Opus-4.5 evolved from 100k frame simulation - gen 66, 142 poker games",
    "author": "Opus-4.5",
    "submitted_at": "2025-12-29T22:31:53.920561",
    "version": "1.0.0",
    "generation": 66,
    "simulation_frames": 0,
    "fish_id": 2961,
    "commit_sha": "fdc84b28cc84a17d4f98ff5da7691f23a20a3312",
    "branch": "claude/poker-tournament-ai-ecaop"
  },
  "behavior_algorithm": {
    "type": "ComposableBehavior",
    "threat_response": 3,
    "food_approach": 1,
    "social_mode": 3,
    "poker_engagement": 3,
    "parameters": {
      "alignment_strength": 0.5705464275004504,
      "ambush_patience": 0.622886386567819,
      "ambush_strike_distance": 20.0,
      "base_speed_multiplier": 1.0,
      "burst_duration": 80.99808039120686,
      "burst_speed": 1.212058053525936,
      "circle_radius": 62.031876275129186,
      "circle_speed": 0.05,
      "cohesion_strength": 0.657236609462397,
      "energy_urgency_threshold": 0.42706205576713085,
      "erratic_amplitude": 0.7906180102640693,
      "flee_speed": 1.1392796269910115,
      "flee_threshold": 138.35791885346492,
      "follow_distance": 32.96067857976724,
      "food_priority": 0.95,
      "freeze_distance": 67.89779676940603,
      "intercept_skill": 0.8176153267492373,
      "min_energy_for_poker": 0.43526271613062806,
      "patrol_radius": 125.3627880714967,
      "poker_avoid_radius": 90.583218966754,
      "poker_priority": 0.6,
      "poker_seek_radius": 90.36291107447155,
      "pursuit_speed": 0.9,
      "rest_duration": 100.0,
      "separation_distance": 22.266999423017495,
      "social_distance": 71.90429956578495,
      "social_priority": 0.41152561537884846,
      "stealth_speed": 0.25583062952565105,
      "threat_priority": 0.6054461035543123,
      "zigzag_amplitude": 0.5776006088696657,
      "zigzag_frequency": 0.06694091560140407
    }
  },
  "poker_strategy": {},
  "composable_behavior": null,
  "capture_stats": {
    "total_games": 142,
    "wins": 123,
    "losses": 18,
    "ties": 1,
    "win_rate": 0.8661971830985915,
    "total_energy_won": 3432.2296703495967,
    "total_energy_lost": 180.0977390651176,
    "net_energy": 2410.1029835150252,
    "roi": 16.9725562219368,
    "current_streak": 68,
    "best_streak": 68,
    "worst_streak": -10,
    "showdown_win_rate": 0.75,
    "fold_rate": 0.11971830985915492,
    "best_hand_rank": 4,
    "avg_hand_rank": 0.3732394366197183,
    "button_win_rate": 0.9834710743801653,
    "non_button_win_rate": 0.19047619047619047,
    "positional_advantage": 0.7929948839039749,
    "recent_win_rate": 1.0,
    "skill_trend": "improving"
  },
  "benchmark_result": {
    "per_opponent": {
      "always_fold": 145.27803333333333,
      "random": 360.26100421476997,
      "loose_passive": 42.345016666666666,
      "tight_passive": 122.82321666666667,
      "tight_aggressive": 145.6531281365005,
      "loose_aggressive": 1774.6034270650264,
      "balanced": 250.2601733899504,
      "maniac": 2482.555415617129
    },
    "weighted_bb_per_100": 544.3335609708638,
    "total_hands_played": 36622,
    "elo_rating": 1582.6553168166306,
    "confidence_intervals": {
      "always_fold": [
        142.0786207118167,
        148.47744595484994
      ],
      "random": [
        260.19397168299236,
        498.66036931662677
      ],
      "loose_passive": [
        17.63547432767819,
        67.05455900565514
      ],
      "tight_passive": [
        104.00899259384103,
        141.63744073949232
      ],
      "tight_aggressive": [
        57.79012792256998,
        233.8860885710863
      ],
      "loose_aggressive": [
        1554.469960632089,
        2431.490553297377
      ],
      "balanced": [
        182.98421750944965,
        321.4377835689599
      ],
      "maniac": [
        -119.60508343016954,
        5047.633861365609
      ]
    },
    "skill_tier": "expert",
    "evaluated_at": "2025-12-30T15:56:47.807630"
  }
}