{
  "metadata": {
    "solution_id": "live_2594_g119_05ab8b4d",
    "name": "GPT-5.2 Tournament Hunter v2",
    "description": "GPT-5.2 Tournament Hunter v2 captured from headless TankWorld poker evolution.\nSelected via tournament-aware head-to-head vs 9 opponents loaded from .tmp\\GPT-5.2_baseline.json.\nSelection score: avg_wr=0.2724 with hands_per_matchup=400 candidate_pool=12 min_games=100.\nRepro: frames_per_seed=100000 seeds_tried=[4242] chosen_seed=4242.\nFish: id=2594 generation=119 poker_games=231.",
    "author": "GPT-5.2",
    "submitted_at": "2025-12-30T18:58:22.573501",
    "version": "1.0.0",
    "generation": 119,
    "simulation_frames": 0,
    "fish_id": 2594,
    "commit_sha": "efbc4152e835f1bb286d8220fbc27de4ac7638ba",
    "branch": "master"
  },
  "behavior_algorithm": {
    "type": "ComposableBehavior",
    "threat_response": 2,
    "food_approach": 3,
    "social_mode": 3,
    "poker_engagement": 2,
    "parameters": {
      "alignment_strength": 0.33426802565827524,
      "ambush_patience": 0.8557099075468935,
      "ambush_strike_distance": 45.766091839568524,
      "base_speed_multiplier": 0.5418273707168514,
      "burst_duration": 53.29978986119523,
      "burst_speed": 1.2573463707748551,
      "circle_radius": 31.146795341750472,
      "circle_speed": 0.06544259325229528,
      "cohesion_strength": 0.7350136200251232,
      "energy_urgency_threshold": 0.4375367333653552,
      "erratic_amplitude": 0.6190056818734793,
      "flee_speed": 0.928447086542677,
      "flee_threshold": 146.58270909148422,
      "follow_distance": 39.71777066093494,
      "food_priority": 0.6239269083092956,
      "freeze_distance": 40.0,
      "intercept_skill": 0.6972698817349501,
      "min_energy_for_poker": 0.3481434726587085,
      "patrol_radius": 86.25664001057942,
      "poker_avoid_radius": 136.73294970494499,
      "poker_priority": 0.648046677226247,
      "poker_seek_radius": 178.427865713125,
      "pursuit_speed": 0.9000000000000001,
      "rest_duration": 96.6443714254013,
      "separation_distance": 19.673522671002285,
      "social_distance": 74.52449034097722,
      "social_priority": 0.30272123823428426,
      "stealth_speed": 0.3157736497173952,
      "threat_priority": 0.6418988589559845,
      "zigzag_amplitude": 0.40323431582124125,
      "zigzag_frequency": 0.08
    }
  },
  "poker_strategy": {
    "type": "ComposablePokerStrategy",
    "strategy_id": "composable",
    "hand_selection": 2,
    "betting_style": 1,
    "bluffing_approach": 0,
    "position_awareness": 2,
    "showdown_tendency": 0,
    "parameters": {
      "bluff_frequency": 0.37259301889153806,
      "bluff_sizing": 0.6433924475305473,
      "continuation_bet_freq": 0.5310910708842269,
      "desperation_threshold": 0.1902322296874973,
      "ip_aggression_boost": 0.15360691713742894,
      "oop_tightening": 0.13957714333268778,
      "opponent_model_weight": 0.3497503741584887,
      "playable_threshold": 0.3853000454911403,
      "position_range_expand": 0.17760864393727624,
      "pot_odds_sensitivity": 1.6,
      "premium_threshold": 0.944748068549679,
      "risk_tolerance": 0.5042017409444505,
      "semibluff_threshold": 0.4,
      "value_bet_sizing": 0.8129075317891167
    },
    "learning_rate": 1.0,
    "regret": {
      "1:1:IP:0": {
        "call": -5.397109441143685,
        "fold": -88.05001584086862,
        "raise_big": 18.93630944114367,
        "raise_small": 6.7696
      },
      "1:1:OOP:0": {
        "call": 39.0,
        "fold": -62.41080000000001,
        "raise_big": 124.00216,
        "raise_small": 81.50108000000002
      },
      "1:2:OOP:0": {
        "call": 12.799999999999999,
        "fold": 0.0,
        "raise_big": 38.4,
        "raise_small": 25.6
      },
      "2:0:OOP:0": {
        "call": 99.0893593821683,
        "fold": 0.0,
        "raise_big": 297.26807814650516,
        "raise_small": 198.1787187643366
      },
      "2:1:IP:0": {
        "call": -37.507737576369145,
        "fold": -1272.1320340336254,
        "raise_big": 42.42209757636906,
        "raise_small": 2.4571800000000037
      },
      "2:1:OOP:0": {
        "call": 69.92991173600339,
        "fold": -59.11319041111223,
        "raise_big": 218.5181789403406,
        "raise_small": 144.2240453381719
      },
      "2:2:OOP:0": {
        "call": 23.728259035080463,
        "fold": -141.37427929927514,
        "raise_big": 94.01451937409244,
        "raise_small": 58.87138920458647
      },
      "1:0:OOP:0": {
        "fold": -52.23200000000002,
        "call": 21.0051784365186,
        "raise_small": 46.843556873037215,
        "raise_big": 72.68193530955581
      },
      "0:1:OOP:0": {
        "fold": 0.0,
        "call": 14.999999999999998,
        "raise_small": 30.0,
        "raise_big": 45.0
      },
      "0:0:OOP:0": {
        "fold": -23.377999999999986,
        "call": 14.232986826198488,
        "raise_small": 32.05377365239698,
        "raise_big": 49.874560478595455
      },
      "4:0:IP:0": {
        "fold": -138.97587676811196,
        "call": -4.225879252534247,
        "raise_small": 0.0,
        "raise_big": 4.225879252534234
      },
      "3:1:IP:0": {
        "fold": -379.3371427807308,
        "call": -11.396833464980054,
        "raise_small": 1.4454000000000011,
        "raise_big": 14.287633464980024
      },
      "3:1:OOP:0": {
        "fold": -66.5747163351429,
        "call": 3.433399999999999,
        "raise_small": 10.4,
        "raise_big": 17.3666
      },
      "2:0:IP:0": {
        "fold": -311.9567426404084,
        "call": -5.205983513451216,
        "raise_small": 5.78160000000001,
        "raise_big": 16.76918351345121
      },
      "0:2:OOP:0": {
        "fold": 16.15602070760678,
        "call": 9.27025023201971,
        "raise_small": 20.84850342226897,
        "raise_big": 32.42675661251822
      },
      "1:2:IP:0": {
        "fold": -295.0341313019549,
        "call": -9.129927743919282,
        "raise_small": 0.0,
        "raise_big": 9.129927743919254
      },
      "1:0:IP:0": {
        "fold": -119.84000000000003,
        "call": 0.0,
        "raise_small": 9.62400000000001,
        "raise_big": 19.248000000000005
      },
      "2:3:OOP:0": {
        "fold": 0.0,
        "call": 4.6,
        "raise_small": 9.2,
        "raise_big": 13.8
      },
      "0:1:IP:0": {
        "fold": -44.345578726114994,
        "call": -6.21434641683992,
        "raise_small": 1.299999999999999,
        "raise_big": 8.814346416839916
      },
      "0:3:OOP:0": {
        "fold": 0.0,
        "call": 3.6901217966004705,
        "raise_small": 7.380243593200941,
        "raise_big": 11.070365389801411
      },
      "3:0:IP:0": {
        "fold": -60.681000000000004,
        "call": 0.0,
        "raise_small": 2.1681000000000035,
        "raise_big": 4.336200000000002
      },
      "1:4:OOP:0": {
        "fold": 40.37382622218516,
        "call": -3.92897103703086,
        "raise_small": 5.6000000000000005,
        "raise_big": 15.12897103703086
      },
      "2:2:IP:0": {
        "fold": -98.75046336852827,
        "call": -2.569600000000001,
        "raise_small": 1.171478840004653,
        "raise_big": 4.912557680009302
      }
    },
    "strategy_sum": {
      "1:1:IP:0": {
        "call": 0.05116398055768739,
        "fold": 0.0,
        "raise_big": 5.071531978292896,
        "raise_small": 2.0773040411494166
      },
      "1:1:OOP:0": {
        "call": 3.6300104875541264,
        "fold": 0.0,
        "raise_big": 11.836656179112538,
        "raise_small": 7.733333333333332
      },
      "1:2:OOP:0": {
        "call": 1.0666666666666664,
        "fold": 0.0,
        "raise_big": 3.2,
        "raise_small": 2.1333333333333337
      },
      "2:0:OOP:0": {
        "call": 8.76666666666667,
        "fold": 0.0,
        "raise_big": 26.3,
        "raise_small": 17.53333333333334
      },
      "2:1:IP:0": {
        "call": 0.0,
        "fold": 0.0,
        "raise_big": 21.037460441705782,